"file161987_1_cols1_rows11.csv 0","Event","0.35"
"file161987_1_cols1_rows11.csv 0","Country","0.82"
"file161987_1_cols1_rows11.csv 0","SocietalEvent","0.26"
"file161987_1_cols1_rows11.csv 0","Place","1.00"
"file161987_1_cols1_rows11.csv 0","PoliticalParty","0.51"
"file161987_1_cols1_rows11.csv 0","MilitaryConflict","0.24"
"file161987_1_cols1_rows11.csv 0","Location","0.81"
"file161987_1_cols1_rows11.csv 0","MilitaryPerson","0.40"
"file161987_1_cols1_rows11.csv 0","PopulatedPlace","0.81"
"file161987_1_cols1_rows11.csv 0","Person","0.45"
"file161987_1_cols1_rows11.csv 0","Agent","0.60"
"file161987_1_cols1_rows11.csv 0","Organisation","0.62"
"file227142_1_cols1_rows7.csv 1","Software","0.97"
"file227142_1_cols1_rows7.csv 1","Work","0.96"
"file227142_1_cols1_rows7.csv 1","Device","0.41"
"file151614_2_cols1_rows105.csv 1","Place","0.09"
"file151614_2_cols1_rows105.csv 1","ArchitecturalStructure","0.09"
"file151614_2_cols1_rows105.csv 1","Work","0.91"
"file151614_2_cols1_rows105.csv 1","Location","0.10"
"file151614_2_cols1_rows105.csv 1","SportFacility","0.08"
"file151614_2_cols1_rows105.csv 1","Book","1.00"
"file151614_2_cols1_rows105.csv 1","TelevisionShow","0.31"
"file151614_2_cols1_rows105.csv 1","Person","0.16"
"file151614_2_cols1_rows105.csv 1","Agent","0.19"
"file151614_2_cols1_rows105.csv 1","Film","0.32"
"file151614_2_cols1_rows105.csv 1","Organisation","0.13"
"file151614_2_cols1_rows105.csv 1","WrittenWork","0.81"
"file223755_0_cols1_rows27.csv 0","Film","1.00"
"file223755_0_cols1_rows27.csv 0","MusicalWork","0.28"
"file223755_0_cols1_rows27.csv 0","Work","0.99"
"file223755_0_cols1_rows27.csv 0","Album","0.18"
"file404549_0_cols1_rows20.csv 0","ProtectedArea","1.00"
"file404549_0_cols1_rows20.csv 0","Place","1.00"
"file404549_0_cols1_rows20.csv 0","Location","1.00"
"file173767_1_cols1_rows33.csv 0","Location","0.10"
"file173767_1_cols1_rows33.csv 0","Weapon","0.14"
"file173767_1_cols1_rows33.csv 0","Agent","0.34"
"file173767_1_cols1_rows33.csv 0","Film","1.00"
"file173767_1_cols1_rows33.csv 0","Settlement","0.09"
"file173767_1_cols1_rows33.csv 0","Place","0.11"
"file173767_1_cols1_rows33.csv 0","Song","0.30"
"file173767_1_cols1_rows33.csv 0","PopulatedPlace","0.09"
"file173767_1_cols1_rows33.csv 0","Book","0.82"
"file173767_1_cols1_rows33.csv 0","MusicalArtist","0.23"
"file173767_1_cols1_rows33.csv 0","Person","0.31"
"file173767_1_cols1_rows33.csv 0","MusicalWork","0.23"
"file173767_1_cols1_rows33.csv 0","AmusementParkAttraction","0.26"
"file173767_1_cols1_rows33.csv 0","Work","0.71"
"file173767_1_cols1_rows33.csv 0","FictionalCharacter","0.32"
"file173767_1_cols1_rows33.csv 0","WrittenWork","0.50"
"file173767_1_cols1_rows33.csv 0","Writer","0.19"
"file173767_1_cols1_rows33.csv 0","Device","0.14"
"file173767_1_cols1_rows33.csv 0","ArchitecturalStructure","0.07"
"file173767_1_cols1_rows33.csv 0","Artist","0.22"
"file173767_1_cols1_rows33.csv 0","TelevisionSeason","0.03"
"file220036_5_cols1_rows15.csv 1","Event","0.18"
"file220036_5_cols1_rows15.csv 1","SocietalEvent","0.20"
"file220036_5_cols1_rows15.csv 1","Artist","0.14"
"file220036_5_cols1_rows15.csv 1","Band","0.33"
"file220036_5_cols1_rows15.csv 1","Work","0.87"
"file220036_5_cols1_rows15.csv 1","FictionalCharacter","0.26"
"file220036_5_cols1_rows15.csv 1","MilitaryConflict","0.32"
"file220036_5_cols1_rows15.csv 1","Election","0.11"
"file220036_5_cols1_rows15.csv 1","Software","0.46"
"file220036_5_cols1_rows15.csv 1","Book","1.00"
"file220036_5_cols1_rows15.csv 1","MusicalArtist","0.21"
"file220036_5_cols1_rows15.csv 1","Person","0.21"
"file220036_5_cols1_rows15.csv 1","Group","0.34"
"file220036_5_cols1_rows15.csv 1","Agent","0.19"
"file220036_5_cols1_rows15.csv 1","Film","0.38"
"file220036_5_cols1_rows15.csv 1","SportsTeam","0.17"
"file220036_5_cols1_rows15.csv 1","Organisation","0.22"
"file220036_5_cols1_rows15.csv 1","WrittenWork","0.75"
"file124163_0_cols1_rows10.csv 0","Agent","0.77"
"file124163_0_cols1_rows10.csv 0","Work","0.07"
"file124163_0_cols1_rows10.csv 0","PersonFunction","0.75"
"file124163_0_cols1_rows10.csv 0","Person","0.88"
"file124163_0_cols1_rows10.csv 0","Film","0.24"
"file110008_0_cols1_rows66.csv 1","Location","0.12"
"file110008_0_cols1_rows66.csv 1","MeanOfTransportation","0.12"
"file110008_0_cols1_rows66.csv 1","Album","0.30"
"file110008_0_cols1_rows66.csv 1","Single","0.28"
"file110008_0_cols1_rows66.csv 1","Agent","0.23"
"file110008_0_cols1_rows66.csv 1","Film","0.38"
"file110008_0_cols1_rows66.csv 1","Settlement","0.10"
"file110008_0_cols1_rows66.csv 1","Cleric","0.08"
"file110008_0_cols1_rows66.csv 1","Place","0.11"
"file110008_0_cols1_rows66.csv 1","Song","0.35"
"file110008_0_cols1_rows66.csv 1","MilitaryPerson","0.08"
"file110008_0_cols1_rows66.csv 1","PopulatedPlace","0.08"
"file110008_0_cols1_rows66.csv 1","Book","1.00"
"file110008_0_cols1_rows66.csv 1","Saint","0.09"
"file110008_0_cols1_rows66.csv 1","OfficeHolder","0.10"
"file110008_0_cols1_rows66.csv 1","Species","0.10"
"file110008_0_cols1_rows66.csv 1","Person","0.16"
"file110008_0_cols1_rows66.csv 1","MusicalWork","0.26"
"file110008_0_cols1_rows66.csv 1","Ship","0.11"
"file110008_0_cols1_rows66.csv 1","Work","0.86"
"file110008_0_cols1_rows66.csv 1","Band","0.27"
"file110008_0_cols1_rows66.csv 1","FictionalCharacter","0.25"
"file110008_0_cols1_rows66.csv 1","TelevisionShow","0.34"
"file110008_0_cols1_rows66.csv 1","TopicalConcept","0.11"
"file110008_0_cols1_rows66.csv 1","WrittenWork","0.76"
"file110008_0_cols1_rows66.csv 1","Device","0.10"
"file110008_0_cols1_rows66.csv 1","ArchitecturalStructure","0.10"
"file110008_0_cols1_rows66.csv 1","Building","0.08"
"file110008_0_cols1_rows66.csv 1","ComicsCharacter","0.18"
"file110008_0_cols1_rows66.csv 1","Group","0.32"
"file110008_0_cols1_rows66.csv 1","Eukaryote","0.08"
"file110008_0_cols1_rows66.csv 1","Organisation","0.17"
"file134372_0_cols1_rows11.csv 0","Airport","0.06"
"file134372_0_cols1_rows11.csv 0","Place","0.23"
"file134372_0_cols1_rows11.csv 0","ArchitecturalStructure","0.13"
"file134372_0_cols1_rows11.csv 0","PrimeMinister","0.49"
"file134372_0_cols1_rows11.csv 0","Infrastructure","0.06"
"file134372_0_cols1_rows11.csv 0","Politician","1.00"
"file134372_0_cols1_rows11.csv 0","Location","0.22"
"file134372_0_cols1_rows11.csv 0","EducationalInstitution","0.07"
"file134372_0_cols1_rows11.csv 0","Organisation","0.12"
"file134372_0_cols1_rows11.csv 0","Person","0.92"
"file134372_0_cols1_rows11.csv 0","Agent","0.91"
"file134372_0_cols1_rows11.csv 0","University","0.13"
"file134372_0_cols1_rows11.csv 0","OfficeHolder","0.72"
"file137959_0_cols1_rows19.csv 1","Artist","0.04"
"file137959_0_cols1_rows19.csv 1","Band","0.26"
"file137959_0_cols1_rows19.csv 1","Work","1.00"
"file137959_0_cols1_rows19.csv 1","FictionalCharacter","0.11"
"file137959_0_cols1_rows19.csv 1","Book","1.00"
"file137959_0_cols1_rows19.csv 1","MusicalArtist","0.07"
"file137959_0_cols1_rows19.csv 1","Person","0.14"
"file137959_0_cols1_rows19.csv 1","Group","0.23"
"file137959_0_cols1_rows19.csv 1","Agent","0.27"
"file137959_0_cols1_rows19.csv 1","Film","1.00"
"file137959_0_cols1_rows19.csv 1","SportsTeam","0.11"
"file137959_0_cols1_rows19.csv 1","Organisation","0.18"
"file137959_0_cols1_rows19.csv 1","WrittenWork","0.81"
"file139009_10_cols1_rows25.csv 1","TelevisionEpisode","0.80"
"file139009_10_cols1_rows25.csv 1","Play","0.24"
"file139009_10_cols1_rows25.csv 1","Work","1.00"
"file139009_10_cols1_rows25.csv 1","FictionalCharacter","0.29"
"file139009_10_cols1_rows25.csv 1","Disease","0.12"
"file139009_10_cols1_rows25.csv 1","Person","0.12"
"file139009_10_cols1_rows25.csv 1","Agent","0.18"
"file139009_10_cols1_rows25.csv 1","Film","0.31"
"file139009_10_cols1_rows25.csv 1","WrittenWork","0.24"
"file275565_0_cols1_rows40.csv 0","SportsTeam","0.03"
"file275565_0_cols1_rows40.csv 0","EducationalInstitution","1.00"
"file275565_0_cols1_rows40.csv 0","Agent","0.99"
"file275565_0_cols1_rows40.csv 0","University","1.00"
"file275565_0_cols1_rows40.csv 0","Organisation","1.00"
"file109657_7_cols1_rows7.csv 0","Broadcaster","0.26"
"file109657_7_cols1_rows7.csv 0","Place","0.37"
"file109657_7_cols1_rows7.csv 0","ArchitecturalStructure","0.23"
"file109657_7_cols1_rows7.csv 0","Building","0.27"
"file109657_7_cols1_rows7.csv 0","Agent","0.25"
"file109657_7_cols1_rows7.csv 0","Organisation","0.36"
"file167874_0_cols1_rows11.csv 0","Broadcaster","0.05"
"file167874_0_cols1_rows11.csv 0","Airport","0.02"
"file167874_0_cols1_rows11.csv 0","Place","0.08"
"file167874_0_cols1_rows11.csv 0","ArchitecturalStructure","0.09"
"file167874_0_cols1_rows11.csv 0","President","1.00"
"file167874_0_cols1_rows11.csv 0","Infrastructure","0.02"
"file167874_0_cols1_rows11.csv 0","Politician","0.58"
"file167874_0_cols1_rows11.csv 0","Location","0.09"
"file167874_0_cols1_rows11.csv 0","PopulatedPlace","0.07"
"file167874_0_cols1_rows11.csv 0","OfficeHolder","0.83"
"file167874_0_cols1_rows11.csv 0","Person","0.96"
"file167874_0_cols1_rows11.csv 0","Agent","0.96"
"file167874_0_cols1_rows11.csv 0","Organisation","0.16"
"file118301_29_cols1_rows26.csv 0","Newspaper","0.83"
"file118301_29_cols1_rows26.csv 0","Country","0.33"
"file118301_29_cols1_rows26.csv 0","Settlement","0.31"
"file118301_29_cols1_rows26.csv 0","Place","0.31"
"file118301_29_cols1_rows26.csv 0","ArchitecturalStructure","0.16"
"file118301_29_cols1_rows26.csv 0","PeriodicalLiterature","0.82"
"file118301_29_cols1_rows26.csv 0","Building","0.23"
"file118301_29_cols1_rows26.csv 0","Company","0.33"
"file118301_29_cols1_rows26.csv 0","Work","0.75"
"file118301_29_cols1_rows26.csv 0","Band","0.27"
"file118301_29_cols1_rows26.csv 0","Location","0.32"
"file118301_29_cols1_rows26.csv 0","EthnicGroup","0.31"
"file118301_29_cols1_rows26.csv 0","PopulatedPlace","0.31"
"file118301_29_cols1_rows26.csv 0","Group","0.22"
"file118301_29_cols1_rows26.csv 0","Agent","0.30"
"file118301_29_cols1_rows26.csv 0","Organisation","0.27"
"file118301_29_cols1_rows26.csv 0","WrittenWork","0.78"
"file141150_2_cols1_rows19.csv 0","MusicalWork","0.21"
"file141150_2_cols1_rows19.csv 0","Work","1.00"
"file141150_2_cols1_rows19.csv 0","Album","0.25"
"file141150_2_cols1_rows19.csv 0","Person","0.81"
"file141150_2_cols1_rows19.csv 0","Agent","0.80"
"file145174_0_cols1_rows21.csv 0","Place","0.26"
"file145174_0_cols1_rows21.csv 0","ArchitecturalStructure","0.16"
"file145174_0_cols1_rows21.csv 0","Work","0.73"
"file145174_0_cols1_rows21.csv 0","Location","0.30"
"file145174_0_cols1_rows21.csv 0","SportFacility","0.24"
"file145174_0_cols1_rows21.csv 0","TelevisionShow","0.31"
"file145174_0_cols1_rows21.csv 0","Agent","0.25"
"file145174_0_cols1_rows21.csv 0","Film","0.68"
"file124647_0_cols1_rows9.csv 1","Royalty","0.36"
"file124647_0_cols1_rows9.csv 1","Person","0.41"
"file124647_0_cols1_rows9.csv 1","Agent","0.61"
"file124647_0_cols1_rows9.csv 1","Organisation","0.17"
"file380717_0_cols1_rows8.csv 0","Country","1.00"
"file380717_0_cols1_rows8.csv 0","Place","0.73"
"file380717_0_cols1_rows8.csv 0","Work","0.63"
"file380717_0_cols1_rows8.csv 0","Location","0.74"
"file380717_0_cols1_rows8.csv 0","PopulatedPlace","0.75"
"file380717_0_cols1_rows8.csv 0","Book","0.08"
"file380717_0_cols1_rows8.csv 0","Agent","0.96"
"file380717_0_cols1_rows8.csv 0","Organisation","0.93"
"file380717_0_cols1_rows8.csv 0","WrittenWork","0.08"
"file152457_0_cols1_rows7.csv 1","Person","0.91"
"file152457_0_cols1_rows7.csv 1","Royalty","0.99"
"file152457_0_cols1_rows7.csv 1","Agent","0.81"
"file100415_0_cols1_rows14.csv 1","Event","0.15"
"file100415_0_cols1_rows14.csv 1","Work","0.95"
"file100415_0_cols1_rows14.csv 1","FictionalCharacter","0.16"
"file100415_0_cols1_rows14.csv 1","Election","0.09"
"file100415_0_cols1_rows14.csv 1","Software","0.60"
"file100415_0_cols1_rows14.csv 1","Book","0.81"
"file100415_0_cols1_rows14.csv 1","Person","0.13"
"file100415_0_cols1_rows14.csv 1","SocietalEvent","0.19"
"file100415_0_cols1_rows14.csv 1","Agent","0.23"
"file100415_0_cols1_rows14.csv 1","Film","0.31"
"file100415_0_cols1_rows14.csv 1","SportsTeam","0.08"
"file100415_0_cols1_rows14.csv 1","Organisation","0.21"
"file100415_0_cols1_rows14.csv 1","WrittenWork","0.83"
"file396393_0_cols1_rows100.csv 0","Mammal","0.29"
"file396393_0_cols1_rows100.csv 0","Location","0.18"
"file396393_0_cols1_rows100.csv 0","Agent","0.38"
"file396393_0_cols1_rows100.csv 0","Film","1.00"
"file396393_0_cols1_rows100.csv 0","Settlement","0.16"
"file396393_0_cols1_rows100.csv 0","Place","0.18"
"file396393_0_cols1_rows100.csv 0","Song","0.36"
"file396393_0_cols1_rows100.csv 0","Software","0.29"
"file396393_0_cols1_rows100.csv 0","Royalty","0.16"
"file396393_0_cols1_rows100.csv 0","PopulatedPlace","0.18"
"file396393_0_cols1_rows100.csv 0","Book","0.39"
"file396393_0_cols1_rows100.csv 0","MusicalArtist","0.27"
"file396393_0_cols1_rows100.csv 0","Species","0.20"
"file396393_0_cols1_rows100.csv 0","Person","0.39"
"file396393_0_cols1_rows100.csv 0","MusicalWork","0.24"
"file396393_0_cols1_rows100.csv 0","Animal","0.22"
"file396393_0_cols1_rows100.csv 0","AmusementParkAttraction","0.38"
"file396393_0_cols1_rows100.csv 0","Work","0.67"
"file396393_0_cols1_rows100.csv 0","FictionalCharacter","0.41"
"file396393_0_cols1_rows100.csv 0","WrittenWork","0.49"
"file396393_0_cols1_rows100.csv 0","VideoGame","0.26"
"file396393_0_cols1_rows100.csv 0","Writer","0.21"
"file396393_0_cols1_rows100.csv 0","ArchitecturalStructure","0.10"
"file396393_0_cols1_rows100.csv 0","Artist","0.25"
"file396393_0_cols1_rows100.csv 0","Eukaryote","0.17"
"file402430_0_cols1_rows9.csv 1","Work","0.14"
"file402430_0_cols1_rows9.csv 1","Book","0.22"
"file402430_0_cols1_rows9.csv 1","Person","0.86"
"file402430_0_cols1_rows9.csv 1","Agent","0.77"
"file402430_0_cols1_rows9.csv 1","OfficeHolder","0.93"
"file402430_0_cols1_rows9.csv 1","WrittenWork","0.24"
"file13997_0_cols1_rows20.csv 0","Place","0.02"
"file13997_0_cols1_rows20.csv 0","ArchitecturalStructure","0.03"
"file13997_0_cols1_rows20.csv 0","University","1.00"
"file13997_0_cols1_rows20.csv 0","Building","0.05"
"file13997_0_cols1_rows20.csv 0","Work","0.01"
"file13997_0_cols1_rows20.csv 0","Location","0.00"
"file13997_0_cols1_rows20.csv 0","Royalty","0.00"
"file13997_0_cols1_rows20.csv 0","School","0.70"
"file13997_0_cols1_rows20.csv 0","TelevisionShow","0.06"
"file13997_0_cols1_rows20.csv 0","EducationalInstitution","1.00"
"file13997_0_cols1_rows20.csv 0","Person","0.00"
"file13997_0_cols1_rows20.csv 0","Agent","0.99"
"file13997_0_cols1_rows20.csv 0","SportsTeam","0.02"
"file13997_0_cols1_rows20.csv 0","Organisation","1.00"
"file155305_0_cols1_rows17.csv 0","Event","0.22"
"file155305_0_cols1_rows17.csv 0","Country","0.70"
"file155305_0_cols1_rows17.csv 0","SocietalEvent","0.29"
"file155305_0_cols1_rows17.csv 0","Place","0.57"
"file155305_0_cols1_rows17.csv 0","Work","0.16"
"file155305_0_cols1_rows17.csv 0","Band","0.29"
"file155305_0_cols1_rows17.csv 0","PoliticalParty","0.32"
"file155305_0_cols1_rows17.csv 0","MilitaryConflict","0.16"
"file155305_0_cols1_rows17.csv 0","Location","0.60"
"file155305_0_cols1_rows17.csv 0","PopulatedPlace","0.49"
"file155305_0_cols1_rows17.csv 0","Book","0.21"
"file155305_0_cols1_rows17.csv 0","TelevisionShow","0.33"
"file155305_0_cols1_rows17.csv 0","Group","0.16"
"file155305_0_cols1_rows17.csv 0","Agent","0.90"
"file155305_0_cols1_rows17.csv 0","Organisation","0.92"
"file155305_0_cols1_rows17.csv 0","WrittenWork","0.21"
"file139009_8_cols1_rows21.csv 1","TelevisionEpisode","0.78"
"file139009_8_cols1_rows21.csv 1","MusicalWork","0.25"
"file139009_8_cols1_rows21.csv 1","Place","0.06"
"file139009_8_cols1_rows21.csv 1","Work","1.00"
"file139009_8_cols1_rows21.csv 1","FictionalCharacter","0.28"
"file139009_8_cols1_rows21.csv 1","EthnicGroup","0.07"
"file139009_8_cols1_rows21.csv 1","Album","0.23"
"file139009_8_cols1_rows21.csv 1","Person","0.17"
"file139009_8_cols1_rows21.csv 1","Agent","0.18"
"file139009_8_cols1_rows21.csv 1","Film","0.33"
"file139009_8_cols1_rows21.csv 1","Organisation","0.10"
"file139009_9_cols1_rows21.csv 1","TelevisionEpisode","0.79"
"file139009_9_cols1_rows21.csv 1","MusicalWork","0.23"
"file139009_9_cols1_rows21.csv 1","Place","0.06"
"file139009_9_cols1_rows21.csv 1","Work","1.00"
"file139009_9_cols1_rows21.csv 1","FictionalCharacter","0.25"
"file139009_9_cols1_rows21.csv 1","EthnicGroup","0.06"
"file139009_9_cols1_rows21.csv 1","Album","0.22"
"file139009_9_cols1_rows21.csv 1","Person","0.16"
"file139009_9_cols1_rows21.csv 1","Agent","0.16"
"file139009_9_cols1_rows21.csv 1","Film","0.80"
"file139009_9_cols1_rows21.csv 1","Organisation","0.09"
"file221797_1_cols1_rows39.csv 0","Settlement","0.30"
"file221797_1_cols1_rows39.csv 0","Bird","1.00"
"file221797_1_cols1_rows39.csv 0","Place","0.27"
"file221797_1_cols1_rows39.csv 0","Company","0.34"
"file221797_1_cols1_rows39.csv 0","Animal","0.88"
"file221797_1_cols1_rows39.csv 0","President","0.25"
"file221797_1_cols1_rows39.csv 0","Agent","0.41"
"file221797_1_cols1_rows39.csv 0","Band","0.43"
"file221797_1_cols1_rows39.csv 0","Location","0.39"
"file221797_1_cols1_rows39.csv 0","Politician","0.25"
"file221797_1_cols1_rows39.csv 0","PopulatedPlace","0.20"
"file221797_1_cols1_rows39.csv 0","Organisation","0.33"
"file221797_1_cols1_rows39.csv 0","Town","0.25"
"file221797_1_cols1_rows39.csv 0","Species","1.00"
"file221797_1_cols1_rows39.csv 0","Person","0.24"
"file221797_1_cols1_rows39.csv 0","Group","0.58"
"file221797_1_cols1_rows39.csv 0","Eukaryote","0.84"
"file221797_1_cols1_rows39.csv 0","OfficeHolder","0.29"
"file118488_0_cols1_rows81.csv 0","Place","0.14"
"file118488_0_cols1_rows81.csv 0","Artist","0.62"
"file118488_0_cols1_rows81.csv 0","Work","0.09"
"file118488_0_cols1_rows81.csv 0","MilitaryPerson","0.62"
"file118488_0_cols1_rows81.csv 0","Politician","0.64"
"file118488_0_cols1_rows81.csv 0","Economist","0.65"
"file118488_0_cols1_rows81.csv 0","Book","0.13"
"file118488_0_cols1_rows81.csv 0","MusicalArtist","0.63"
"file118488_0_cols1_rows81.csv 0","EducationalInstitution","0.07"
"file118488_0_cols1_rows81.csv 0","Scientist","0.75"
"file118488_0_cols1_rows81.csv 0","Person","0.90"
"file118488_0_cols1_rows81.csv 0","Organisation","0.12"
"file118488_0_cols1_rows81.csv 0","Agent","0.88"
"file118488_0_cols1_rows81.csv 0","University","0.12"
"file118488_0_cols1_rows81.csv 0","OfficeHolder","0.66"
"file118488_0_cols1_rows81.csv 0","NaturalPlace","0.12"
"file118488_0_cols1_rows81.csv 0","WrittenWork","0.12"
"file110816_0_cols1_rows40.csv 0","Work","0.10"
"file110816_0_cols1_rows40.csv 0","Athlete","0.01"
"file110816_0_cols1_rows40.csv 0","School","0.53"
"file110816_0_cols1_rows40.csv 0","EducationalInstitution","1.00"
"file110816_0_cols1_rows40.csv 0","Person","0.02"
"file110816_0_cols1_rows40.csv 0","Agent","0.97"
"file110816_0_cols1_rows40.csv 0","University","0.99"
"file110816_0_cols1_rows40.csv 0","Organisation","0.99"
"file64428_2_cols1_rows18.csv 0","Airport","0.00"
"file64428_2_cols1_rows18.csv 0","Settlement","0.05"
"file64428_2_cols1_rows18.csv 0","Place","0.08"
"file64428_2_cols1_rows18.csv 0","ArchitecturalStructure","0.08"
"file64428_2_cols1_rows18.csv 0","Device","0.20"
"file64428_2_cols1_rows18.csv 0","Company","0.10"
"file64428_2_cols1_rows18.csv 0","Work","0.03"
"file64428_2_cols1_rows18.csv 0","Infrastructure","0.00"
"file64428_2_cols1_rows18.csv 0","Location","0.02"
"file64428_2_cols1_rows18.csv 0","PopulatedPlace","0.03"
"file64428_2_cols1_rows18.csv 0","Weapon","0.83"
"file64428_2_cols1_rows18.csv 0","TelevisionShow","0.10"
"file64428_2_cols1_rows18.csv 0","Person","0.20"
"file64428_2_cols1_rows18.csv 0","Agent","0.34"
"file64428_2_cols1_rows18.csv 0","Film","0.03"
"file64428_2_cols1_rows18.csv 0","Organisation","0.07"
"file158965_0_cols1_rows100.csv 0","Event","0.07"
"file158965_0_cols1_rows100.csv 0","Location","0.16"
"file158965_0_cols1_rows100.csv 0","Agent","0.30"
"file158965_0_cols1_rows100.csv 0","Film","1.00"
"file158965_0_cols1_rows100.csv 0","Settlement","0.11"
"file158965_0_cols1_rows100.csv 0","Place","0.12"
"file158965_0_cols1_rows100.csv 0","Song","0.33"
"file158965_0_cols1_rows100.csv 0","Software","0.31"
"file158965_0_cols1_rows100.csv 0","Royalty","0.11"
"file158965_0_cols1_rows100.csv 0","PopulatedPlace","0.13"
"file158965_0_cols1_rows100.csv 0","MusicalArtist","0.27"
"file158965_0_cols1_rows100.csv 0","Species","0.17"
"file158965_0_cols1_rows100.csv 0","Person","0.30"
"file158965_0_cols1_rows100.csv 0","MusicalWork","0.29"
"file158965_0_cols1_rows100.csv 0","Animal","0.20"
"file158965_0_cols1_rows100.csv 0","AmusementParkAttraction","0.35"
"file158965_0_cols1_rows100.csv 0","Work","0.73"
"file158965_0_cols1_rows100.csv 0","FictionalCharacter","0.36"
"file158965_0_cols1_rows100.csv 0","Election","0.08"
"file158965_0_cols1_rows100.csv 0","SocietalEvent","0.06"
"file158965_0_cols1_rows100.csv 0","WrittenWork","0.42"
"file158965_0_cols1_rows100.csv 0","VideoGame","0.27"
"file158965_0_cols1_rows100.csv 0","Writer","0.22"
"file158965_0_cols1_rows100.csv 0","ArchitecturalStructure","0.09"
"file158965_0_cols1_rows100.csv 0","Artist","0.24"
"file158965_0_cols1_rows100.csv 0","TelevisionSeason","0.04"
"file158965_0_cols1_rows100.csv 0","Disease","0.19"
"file158965_0_cols1_rows100.csv 0","Eukaryote","0.14"
"file158965_0_cols1_rows100.csv 0","OfficeHolder","0.21"
"file39042_0_cols1_rows6.csv 0","Broadcaster","0.18"
"file39042_0_cols1_rows6.csv 0","Company","0.29"
"file39042_0_cols1_rows6.csv 0","Work","0.21"
"file39042_0_cols1_rows6.csv 0","Software","0.48"
"file39042_0_cols1_rows6.csv 0","MeanOfTransportation","0.76"
"file39042_0_cols1_rows6.csv 0","TelevisionShow","0.15"
"file39042_0_cols1_rows6.csv 0","Organisation","0.26"
"file39042_0_cols1_rows6.csv 0","Agent","0.49"
"file39042_0_cols1_rows6.csv 0","Automobile","0.85"
"file276042_0_cols1_rows76.csv 0","Mammal","0.34"
"file276042_0_cols1_rows76.csv 0","Company","0.30"
"file276042_0_cols1_rows76.csv 0","Location","0.24"
"file276042_0_cols1_rows76.csv 0","MeanOfTransportation","0.26"
"file276042_0_cols1_rows76.csv 0","Weapon","0.27"
"file276042_0_cols1_rows76.csv 0","Agent","0.47"
"file276042_0_cols1_rows76.csv 0","Film","0.93"
"file276042_0_cols1_rows76.csv 0","Settlement","0.20"
"file276042_0_cols1_rows76.csv 0","Place","0.24"
"file276042_0_cols1_rows76.csv 0","Royalty","0.20"
"file276042_0_cols1_rows76.csv 0","Book","0.35"
"file276042_0_cols1_rows76.csv 0","MusicalArtist","0.32"
"file276042_0_cols1_rows76.csv 0","PopulatedPlace","0.23"
"file276042_0_cols1_rows76.csv 0","Species","0.27"
"file276042_0_cols1_rows76.csv 0","Person","0.47"
"file276042_0_cols1_rows76.csv 0","MusicalWork","0.21"
"file276042_0_cols1_rows76.csv 0","Animal","0.27"
"file276042_0_cols1_rows76.csv 0","AmusementParkAttraction","0.36"
"file276042_0_cols1_rows76.csv 0","Work","0.57"
"file276042_0_cols1_rows76.csv 0","Band","0.31"
"file276042_0_cols1_rows76.csv 0","FictionalCharacter","0.44"
"file276042_0_cols1_rows76.csv 0","TelevisionShow","0.32"
"file276042_0_cols1_rows76.csv 0","WrittenWork","0.44"
"file276042_0_cols1_rows76.csv 0","Writer","0.29"
"file276042_0_cols1_rows76.csv 0","Device","0.23"
"file276042_0_cols1_rows76.csv 0","ArchitecturalStructure","0.15"
"file276042_0_cols1_rows76.csv 0","Artist","0.29"
"file276042_0_cols1_rows76.csv 0","SportFacility","0.19"
"file276042_0_cols1_rows76.csv 0","ComicsCharacter","0.37"
"file276042_0_cols1_rows76.csv 0","Group","0.33"
"file276042_0_cols1_rows76.csv 0","Eukaryote","0.26"
"file276042_0_cols1_rows76.csv 0","Organisation","0.23"
"file132415_0_cols1_rows465.csv 1","Artist","0.63"
"file132415_0_cols1_rows465.csv 1","Band","0.20"
"file132415_0_cols1_rows465.csv 1","Work","0.13"
"file132415_0_cols1_rows465.csv 1","MemberOfParliament","0.68"
"file132415_0_cols1_rows465.csv 1","Politician","1.00"
"file132415_0_cols1_rows465.csv 1","MusicalArtist","0.69"
"file132415_0_cols1_rows465.csv 1","Scientist","0.67"
"file132415_0_cols1_rows465.csv 1","OfficeHolder","0.70"
"file132415_0_cols1_rows465.csv 1","Person","0.90"
"file132415_0_cols1_rows465.csv 1","Group","0.26"
"file132415_0_cols1_rows465.csv 1","Agent","0.85"
"file132415_0_cols1_rows465.csv 1","Film","0.19"
"file132415_0_cols1_rows465.csv 1","Organisation","0.17"
"file98470_1_cols1_rows55.csv 1","Mammal","0.21"
"file98470_1_cols1_rows55.csv 1","Event","0.14"
"file98470_1_cols1_rows55.csv 1","Company","0.28"
"file98470_1_cols1_rows55.csv 1","Play","1.00"
"file98470_1_cols1_rows55.csv 1","Location","0.30"
"file98470_1_cols1_rows55.csv 1","Athlete","0.17"
"file98470_1_cols1_rows55.csv 1","Album","0.29"
"file98470_1_cols1_rows55.csv 1","Single","0.29"
"file98470_1_cols1_rows55.csv 1","Agent","0.29"
"file98470_1_cols1_rows55.csv 1","Film","1.00"
"file98470_1_cols1_rows55.csv 1","NaturalPlace","0.16"
"file98470_1_cols1_rows55.csv 1","Broadcaster","0.23"
"file98470_1_cols1_rows55.csv 1","BroadcastNetwork","0.18"
"file98470_1_cols1_rows55.csv 1","Cleric","0.21"
"file98470_1_cols1_rows55.csv 1","Place","0.30"
"file98470_1_cols1_rows55.csv 1","Settlement","0.19"
"file98470_1_cols1_rows55.csv 1","City","0.18"
"file98470_1_cols1_rows55.csv 1","MilitaryPerson","0.22"
"file98470_1_cols1_rows55.csv 1","EthnicGroup","0.20"
"file98470_1_cols1_rows55.csv 1","PopulatedPlace","0.19"
"file98470_1_cols1_rows55.csv 1","Book","0.43"
"file98470_1_cols1_rows55.csv 1","Saint","0.24"
"file98470_1_cols1_rows55.csv 1","MusicalArtist","0.26"
"file98470_1_cols1_rows55.csv 1","EducationalInstitution","0.09"
"file98470_1_cols1_rows55.csv 1","Person","0.27"
"file98470_1_cols1_rows55.csv 1","OfficeHolder","0.20"
"file98470_1_cols1_rows55.csv 1","PeriodicalLiterature","0.23"
"file98470_1_cols1_rows55.csv 1","Species","0.14"
"file98470_1_cols1_rows55.csv 1","Newspaper","0.23"
"file98470_1_cols1_rows55.csv 1","MusicalWork","0.27"
"file98470_1_cols1_rows55.csv 1","Animal","0.17"
"file98470_1_cols1_rows55.csv 1","Work","0.73"
"file98470_1_cols1_rows55.csv 1","Band","0.34"
"file98470_1_cols1_rows55.csv 1","FictionalCharacter","0.29"
"file98470_1_cols1_rows55.csv 1","TelevisionShow","0.40"
"file98470_1_cols1_rows55.csv 1","Town","0.14"
"file98470_1_cols1_rows55.csv 1","SocietalEvent","0.15"
"file98470_1_cols1_rows55.csv 1","WrittenWork","0.51"
"file98470_1_cols1_rows55.csv 1","TelevisionEpisode","0.33"
"file98470_1_cols1_rows55.csv 1","Writer","0.22"
"file98470_1_cols1_rows55.csv 1","ArchitecturalStructure","0.19"
"file98470_1_cols1_rows55.csv 1","Building","0.22"
"file98470_1_cols1_rows55.csv 1","Artist","0.24"
"file98470_1_cols1_rows55.csv 1","Infrastructure","0.12"
"file98470_1_cols1_rows55.csv 1","TelevisionSeason","0.07"
"file98470_1_cols1_rows55.csv 1","Group","0.36"
"file98470_1_cols1_rows55.csv 1","Eukaryote","0.13"
"file98470_1_cols1_rows55.csv 1","University","0.13"
"file98470_1_cols1_rows55.csv 1","Organisation","0.23"
"file139009_11_cols1_rows25.csv 1","TelevisionEpisode","0.80"
"file139009_11_cols1_rows25.csv 1","Work","1.00"
"file139009_11_cols1_rows25.csv 1","FictionalCharacter","0.26"
"file139009_11_cols1_rows25.csv 1","Disease","0.10"
"file139009_11_cols1_rows25.csv 1","Person","0.12"
"file139009_11_cols1_rows25.csv 1","Agent","0.15"
"file132423_0_cols1_rows40.csv 0","SportsTeam","0.03"
"file132423_0_cols1_rows40.csv 0","EducationalInstitution","1.00"
"file132423_0_cols1_rows40.csv 0","Agent","0.99"
"file132423_0_cols1_rows40.csv 0","University","1.00"
"file132423_0_cols1_rows40.csv 0","Organisation","1.00"
"file123408_10_cols1_rows124.csv 0","Country","0.16"
"file123408_10_cols1_rows124.csv 0","Company","0.28"
"file123408_10_cols1_rows124.csv 0","Location","0.13"
"file123408_10_cols1_rows124.csv 0","MeanOfTransportation","0.15"
"file123408_10_cols1_rows124.csv 0","Agent","0.27"
"file123408_10_cols1_rows124.csv 0","Settlement","0.13"
"file123408_10_cols1_rows124.csv 0","Place","0.16"
"file123408_10_cols1_rows124.csv 0","City","0.12"
"file123408_10_cols1_rows124.csv 0","Royalty","0.05"
"file123408_10_cols1_rows124.csv 0","PopulatedPlace","0.07"
"file123408_10_cols1_rows124.csv 0","Book","0.33"
"file123408_10_cols1_rows124.csv 0","MusicalArtist","0.11"
"file123408_10_cols1_rows124.csv 0","Person","0.12"
"file123408_10_cols1_rows124.csv 0","PeriodicalLiterature","0.86"
"file123408_10_cols1_rows124.csv 0","Newspaper","0.90"
"file123408_10_cols1_rows124.csv 0","Work","0.83"
"file123408_10_cols1_rows124.csv 0","PoliticalParty","0.11"
"file123408_10_cols1_rows124.csv 0","FictionalCharacter","0.15"
"file123408_10_cols1_rows124.csv 0","Automobile","0.13"
"file123408_10_cols1_rows124.csv 0","WrittenWork","0.86"
"file123408_10_cols1_rows124.csv 0","ArchitecturalStructure","0.12"
"file123408_10_cols1_rows124.csv 0","Building","0.16"
"file123408_10_cols1_rows124.csv 0","Artist","0.12"
"file123408_10_cols1_rows124.csv 0","ComicsCharacter","0.16"
"file123408_10_cols1_rows124.csv 0","Organisation","0.27"
"file107572_0_cols1_rows62.csv 1","Location","0.12"
"file107572_0_cols1_rows62.csv 1","MeanOfTransportation","0.13"
"file107572_0_cols1_rows62.csv 1","Album","0.31"
"file107572_0_cols1_rows62.csv 1","Single","0.28"
"file107572_0_cols1_rows62.csv 1","Agent","0.25"
"file107572_0_cols1_rows62.csv 1","Film","0.39"
"file107572_0_cols1_rows62.csv 1","Settlement","0.10"
"file107572_0_cols1_rows62.csv 1","Cleric","0.09"
"file107572_0_cols1_rows62.csv 1","Place","0.12"
"file107572_0_cols1_rows62.csv 1","Song","0.34"
"file107572_0_cols1_rows62.csv 1","MilitaryPerson","0.08"
"file107572_0_cols1_rows62.csv 1","PopulatedPlace","0.09"
"file107572_0_cols1_rows62.csv 1","Book","1.00"
"file107572_0_cols1_rows62.csv 1","Saint","0.10"
"file107572_0_cols1_rows62.csv 1","OfficeHolder","0.10"
"file107572_0_cols1_rows62.csv 1","Species","0.11"
"file107572_0_cols1_rows62.csv 1","Person","0.16"
"file107572_0_cols1_rows62.csv 1","MusicalWork","0.27"
"file107572_0_cols1_rows62.csv 1","Ship","0.11"
"file107572_0_cols1_rows62.csv 1","Work","0.85"
"file107572_0_cols1_rows62.csv 1","Band","0.27"
"file107572_0_cols1_rows62.csv 1","FictionalCharacter","0.26"
"file107572_0_cols1_rows62.csv 1","TelevisionShow","0.35"
"file107572_0_cols1_rows62.csv 1","TopicalConcept","0.11"
"file107572_0_cols1_rows62.csv 1","WrittenWork","0.75"
"file107572_0_cols1_rows62.csv 1","Device","0.11"
"file107572_0_cols1_rows62.csv 1","ArchitecturalStructure","0.11"
"file107572_0_cols1_rows62.csv 1","Building","0.08"
"file107572_0_cols1_rows62.csv 1","ComicsCharacter","0.19"
"file107572_0_cols1_rows62.csv 1","Group","0.31"
"file107572_0_cols1_rows62.csv 1","Eukaryote","0.08"
"file107572_0_cols1_rows62.csv 1","Organisation","0.17"
"file136273_4_cols1_rows7.csv 1","Country","0.30"
"file136273_4_cols1_rows7.csv 1","Settlement","0.22"
"file136273_4_cols1_rows7.csv 1","Place","0.21"
"file136273_4_cols1_rows7.csv 1","Artist","0.18"
"file136273_4_cols1_rows7.csv 1","Band","0.34"
"file136273_4_cols1_rows7.csv 1","Work","0.77"
"file136273_4_cols1_rows7.csv 1","PopulatedPlace","0.27"
"file136273_4_cols1_rows7.csv 1","Book","1.00"
"file136273_4_cols1_rows7.csv 1","MusicalArtist","0.29"
"file136273_4_cols1_rows7.csv 1","Person","0.33"
"file136273_4_cols1_rows7.csv 1","Group","0.30"
"file136273_4_cols1_rows7.csv 1","Agent","0.42"
"file136273_4_cols1_rows7.csv 1","Film","0.32"
"file136273_4_cols1_rows7.csv 1","Organisation","0.34"
"file136273_4_cols1_rows7.csv 1","WrittenWork","0.66"
"file137293_0_cols1_rows6.csv 1","Person","0.91"
"file137293_0_cols1_rows6.csv 1","Royalty","0.99"
"file137293_0_cols1_rows6.csv 1","Agent","0.81"
"file145480_2_cols1_rows52.csv 1","Person","0.92"
"file145480_2_cols1_rows52.csv 1","Agent","0.89"
"file145480_2_cols1_rows52.csv 1","Scientist","0.85"
"file172679_0_cols1_rows14.csv 0","Country","0.17"
"file172679_0_cols1_rows14.csv 0","VideoGame","0.49"
"file172679_0_cols1_rows14.csv 0","Place","0.22"
"file172679_0_cols1_rows14.csv 0","Artist","0.17"
"file172679_0_cols1_rows14.csv 0","Band","0.35"
"file172679_0_cols1_rows14.csv 0","Work","0.82"
"file172679_0_cols1_rows14.csv 0","FictionalCharacter","0.28"
"file172679_0_cols1_rows14.csv 0","Location","0.25"
"file172679_0_cols1_rows14.csv 0","Software","0.36"
"file172679_0_cols1_rows14.csv 0","Royalty","0.19"
"file172679_0_cols1_rows14.csv 0","PopulatedPlace","0.23"
"file172679_0_cols1_rows14.csv 0","Book","0.69"
"file172679_0_cols1_rows14.csv 0","MusicalArtist","0.24"
"file172679_0_cols1_rows14.csv 0","Person","0.18"
"file172679_0_cols1_rows14.csv 0","Group","0.42"
"file172679_0_cols1_rows14.csv 0","Agent","0.60"
"file172679_0_cols1_rows14.csv 0","Film","1.00"
"file172679_0_cols1_rows14.csv 0","Organisation","0.26"
"file172679_0_cols1_rows14.csv 0","WrittenWork","0.71"
"file124163_4_cols1_rows13.csv 0","Person","0.90"
"file124163_4_cols1_rows13.csv 0","Agent","0.80"
"file124163_4_cols1_rows13.csv 0","PersonFunction","0.69"
"file138978_0_cols1_rows83.csv 1","Event","0.06"
"file138978_0_cols1_rows83.csv 1","Location","0.10"
"file138978_0_cols1_rows83.csv 1","Athlete","0.10"
"file138978_0_cols1_rows83.csv 1","Agent","0.20"
"file138978_0_cols1_rows83.csv 1","Film","0.28"
"file138978_0_cols1_rows83.csv 1","Place","0.09"
"file138978_0_cols1_rows83.csv 1","Royalty","0.07"
"file138978_0_cols1_rows83.csv 1","Book","1.00"
"file138978_0_cols1_rows83.csv 1","Person","0.16"
"file138978_0_cols1_rows83.csv 1","Work","0.88"
"file138978_0_cols1_rows83.csv 1","Band","0.23"
"file138978_0_cols1_rows83.csv 1","MilitaryConflict","0.08"
"file138978_0_cols1_rows83.csv 1","TelevisionShow","0.29"
"file138978_0_cols1_rows83.csv 1","SocietalEvent","0.07"
"file138978_0_cols1_rows83.csv 1","TopicalConcept","0.11"
"file138978_0_cols1_rows83.csv 1","SportsTeam","0.09"
"file138978_0_cols1_rows83.csv 1","WrittenWork","0.79"
"file138978_0_cols1_rows83.csv 1","Writer","0.13"
"file138978_0_cols1_rows83.csv 1","ArchitecturalStructure","0.08"
"file138978_0_cols1_rows83.csv 1","SportFacility","0.08"
"file138978_0_cols1_rows83.csv 1","Group","0.27"
"file138978_0_cols1_rows83.csv 1","Organisation","0.13"
"file136273_3_cols1_rows11.csv 1","Work","0.95"
"file136273_3_cols1_rows11.csv 1","FictionalCharacter","0.13"
"file136273_3_cols1_rows11.csv 1","Book","0.78"
"file136273_3_cols1_rows11.csv 1","Person","0.16"
"file136273_3_cols1_rows11.csv 1","Agent","0.28"
"file136273_3_cols1_rows11.csv 1","SportsTeam","0.16"
"file136273_3_cols1_rows11.csv 1","Organisation","0.17"
"file136273_3_cols1_rows11.csv 1","WrittenWork","0.83"
"file144332_0_cols1_rows14.csv 0","Country","0.19"
"file144332_0_cols1_rows14.csv 0","VideoGame","0.52"
"file144332_0_cols1_rows14.csv 0","Place","0.24"
"file144332_0_cols1_rows14.csv 0","Artist","0.19"
"file144332_0_cols1_rows14.csv 0","Band","0.37"
"file144332_0_cols1_rows14.csv 0","Work","0.81"
"file144332_0_cols1_rows14.csv 0","FictionalCharacter","0.29"
"file144332_0_cols1_rows14.csv 0","Location","0.27"
"file144332_0_cols1_rows14.csv 0","Software","0.36"
"file144332_0_cols1_rows14.csv 0","Royalty","0.20"
"file144332_0_cols1_rows14.csv 0","PopulatedPlace","0.25"
"file144332_0_cols1_rows14.csv 0","MusicalArtist","0.26"
"file144332_0_cols1_rows14.csv 0","Person","0.19"
"file144332_0_cols1_rows14.csv 0","Group","0.45"
"file144332_0_cols1_rows14.csv 0","Agent","0.65"
"file144332_0_cols1_rows14.csv 0","Film","1.00"
"file144332_0_cols1_rows14.csv 0","Organisation","0.28"
"file222751_0_cols1_rows13.csv 0","MusicalWork","0.14"
"file222751_0_cols1_rows13.csv 0","Work","0.14"
"file222751_0_cols1_rows13.csv 0","PersonFunction","0.69"
"file222751_0_cols1_rows13.csv 0","Athlete","0.61"
"file222751_0_cols1_rows13.csv 0","TelevisionShow","0.20"
"file222751_0_cols1_rows13.csv 0","Album","0.14"
"file222751_0_cols1_rows13.csv 0","Person","0.77"
"file222751_0_cols1_rows13.csv 0","Agent","0.64"
"file222751_0_cols1_rows13.csv 0","Film","0.22"
"file227142_0_cols1_rows11.csv 1","Event","0.30"
"file227142_0_cols1_rows11.csv 1","Place","0.04"
"file227142_0_cols1_rows11.csv 1","Work","0.99"
"file227142_0_cols1_rows11.csv 1","MilitaryConflict","0.16"
"file227142_0_cols1_rows11.csv 1","Location","0.05"
"file227142_0_cols1_rows11.csv 1","Software","0.93"
"file227142_0_cols1_rows11.csv 1","PopulatedPlace","0.01"
"file227142_0_cols1_rows11.csv 1","SocietalEvent","0.25"
"file181303_0_cols1_rows31.csv 0","Place","0.14"
"file181303_0_cols1_rows31.csv 0","Artist","0.58"
"file181303_0_cols1_rows31.csv 0","Work","0.09"
"file181303_0_cols1_rows31.csv 0","MilitaryPerson","0.62"
"file181303_0_cols1_rows31.csv 0","Politician","0.64"
"file181303_0_cols1_rows31.csv 0","Economist","0.60"
"file181303_0_cols1_rows31.csv 0","Book","0.12"
"file181303_0_cols1_rows31.csv 0","MusicalArtist","0.58"
"file181303_0_cols1_rows31.csv 0","EducationalInstitution","0.06"
"file181303_0_cols1_rows31.csv 0","Scientist","0.74"
"file181303_0_cols1_rows31.csv 0","Person","0.90"
"file181303_0_cols1_rows31.csv 0","Organisation","0.12"
"file181303_0_cols1_rows31.csv 0","Agent","0.89"
"file181303_0_cols1_rows31.csv 0","University","0.10"
"file181303_0_cols1_rows31.csv 0","OfficeHolder","0.64"
"file181303_0_cols1_rows31.csv 0","NaturalPlace","0.10"
"file181303_0_cols1_rows31.csv 0","WrittenWork","0.11"
"file239528_0_cols1_rows39.csv 0","Company","0.36"
"file239528_0_cols1_rows39.csv 0","Location","0.42"
"file239528_0_cols1_rows39.csv 0","MeanOfTransportation","0.54"
"file239528_0_cols1_rows39.csv 0","Agent","0.42"
"file239528_0_cols1_rows39.csv 0","Settlement","0.32"
"file239528_0_cols1_rows39.csv 0","Bird","1.00"
"file239528_0_cols1_rows39.csv 0","Place","0.29"
"file239528_0_cols1_rows39.csv 0","President","0.26"
"file239528_0_cols1_rows39.csv 0","Politician","0.27"
"file239528_0_cols1_rows39.csv 0","PopulatedPlace","0.21"
"file239528_0_cols1_rows39.csv 0","Species","1.00"
"file239528_0_cols1_rows39.csv 0","OfficeHolder","0.30"
"file239528_0_cols1_rows39.csv 0","Person","0.26"
"file239528_0_cols1_rows39.csv 0","Ship","0.51"
"file239528_0_cols1_rows39.csv 0","Animal","0.88"
"file239528_0_cols1_rows39.csv 0","Band","0.43"
"file239528_0_cols1_rows39.csv 0","Town","0.27"
"file239528_0_cols1_rows39.csv 0","Group","0.56"
"file239528_0_cols1_rows39.csv 0","Eukaryote","0.86"
"file239528_0_cols1_rows39.csv 0","Organisation","0.35"
"file141150_0_cols1_rows11.csv 0","Agent","0.67"
"file141150_0_cols1_rows11.csv 0","Work","0.06"
"file141150_0_cols1_rows11.csv 0","PersonFunction","0.74"
"file141150_0_cols1_rows11.csv 0","Person","0.85"
"file141150_0_cols1_rows11.csv 0","Film","0.17"
"file132514_0_cols1_rows17.csv 0","Mammal","0.21"
"file132514_0_cols1_rows17.csv 0","Event","0.08"
"file132514_0_cols1_rows17.csv 0","Location","0.13"
"file132514_0_cols1_rows17.csv 0","Magazine","0.20"
"file132514_0_cols1_rows17.csv 0","Album","0.30"
"file132514_0_cols1_rows17.csv 0","Agent","0.22"
"file132514_0_cols1_rows17.csv 0","Film","1.00"
"file132514_0_cols1_rows17.csv 0","Place","0.11"
"file132514_0_cols1_rows17.csv 0","Royalty","0.14"
"file132514_0_cols1_rows17.csv 0","Software","0.29"
"file132514_0_cols1_rows17.csv 0","Book","0.46"
"file132514_0_cols1_rows17.csv 0","Species","0.13"
"file132514_0_cols1_rows17.csv 0","Person","0.22"
"file132514_0_cols1_rows17.csv 0","PeriodicalLiterature","0.17"
"file132514_0_cols1_rows17.csv 0","MusicalWork","0.29"
"file132514_0_cols1_rows17.csv 0","Animal","0.15"
"file132514_0_cols1_rows17.csv 0","Work","0.75"
"file132514_0_cols1_rows17.csv 0","MilitaryConflict","0.14"
"file132514_0_cols1_rows17.csv 0","SocietalEvent","0.07"
"file132514_0_cols1_rows17.csv 0","SportsTeam","0.17"
"file132514_0_cols1_rows17.csv 0","WrittenWork","0.47"
"file132514_0_cols1_rows17.csv 0","TelevisionEpisode","0.40"
"file132514_0_cols1_rows17.csv 0","VideoGame","0.25"
"file132514_0_cols1_rows17.csv 0","Writer","0.26"
"file132514_0_cols1_rows17.csv 0","Eukaryote","0.12"
"file132514_0_cols1_rows17.csv 0","Organisation","0.20"
"file391005_0_cols1_rows9.csv 0","Place","1.00"
"file391005_0_cols1_rows9.csv 0","Location","1.00"
"file391005_0_cols1_rows9.csv 0","ProtectedArea","1.00"
"file391005_0_cols1_rows9.csv 0","Person","0.00"
"file391005_0_cols1_rows9.csv 0","Agent","0.01"
"file39810_0_cols1_rows6.csv 0","Broadcaster","0.18"
"file39810_0_cols1_rows6.csv 0","Company","0.29"
"file39810_0_cols1_rows6.csv 0","Work","0.21"
"file39810_0_cols1_rows6.csv 0","Software","0.48"
"file39810_0_cols1_rows6.csv 0","MeanOfTransportation","0.76"
"file39810_0_cols1_rows6.csv 0","TelevisionShow","0.15"
"file39810_0_cols1_rows6.csv 0","Organisation","0.26"
"file39810_0_cols1_rows6.csv 0","Agent","0.49"
"file39810_0_cols1_rows6.csv 0","Automobile","0.85"
"file543986_3_cols1_rows100.csv 0","Country","0.15"
"file543986_3_cols1_rows100.csv 0","Company","0.29"
"file543986_3_cols1_rows100.csv 0","Location","0.11"
"file543986_3_cols1_rows100.csv 0","Agent","0.25"
"file543986_3_cols1_rows100.csv 0","Settlement","0.12"
"file543986_3_cols1_rows100.csv 0","Place","0.13"
"file543986_3_cols1_rows100.csv 0","City","0.50"
"file543986_3_cols1_rows100.csv 0","Royalty","0.04"
"file543986_3_cols1_rows100.csv 0","PopulatedPlace","0.06"
"file543986_3_cols1_rows100.csv 0","Book","0.36"
"file543986_3_cols1_rows100.csv 0","MusicalArtist","0.10"
"file543986_3_cols1_rows100.csv 0","EducationalInstitution","0.04"
"file543986_3_cols1_rows100.csv 0","Person","0.10"
"file543986_3_cols1_rows100.csv 0","PeriodicalLiterature","0.88"
"file543986_3_cols1_rows100.csv 0","Newspaper","0.90"
"file543986_3_cols1_rows100.csv 0","Work","0.86"
"file543986_3_cols1_rows100.csv 0","FictionalCharacter","0.12"
"file543986_3_cols1_rows100.csv 0","WrittenWork","0.89"
"file543986_3_cols1_rows100.csv 0","ArchitecturalStructure","0.10"
"file543986_3_cols1_rows100.csv 0","Building","0.14"
"file543986_3_cols1_rows100.csv 0","Artist","0.09"
"file543986_3_cols1_rows100.csv 0","ComicsCharacter","0.12"
"file543986_3_cols1_rows100.csv 0","University","0.08"
"file543986_3_cols1_rows100.csv 0","Organisation","0.29"
"file145241_0_cols1_rows9.csv 1","Work","0.14"
"file145241_0_cols1_rows9.csv 1","Book","0.22"
"file145241_0_cols1_rows9.csv 1","Person","0.86"
"file145241_0_cols1_rows9.csv 1","Agent","0.77"
"file145241_0_cols1_rows9.csv 1","OfficeHolder","0.93"
"file145241_0_cols1_rows9.csv 1","WrittenWork","0.24"
"file21126_1_cols1_rows86.csv 0","Company","0.34"
"file21126_1_cols1_rows86.csv 0","Location","0.30"
"file21126_1_cols1_rows86.csv 0","Organisation","0.34"
"file21126_1_cols1_rows86.csv 0","Scientist","0.35"
"file21126_1_cols1_rows86.csv 0","Agent","0.40"
"file21126_1_cols1_rows86.csv 0","Settlement","0.25"
"file21126_1_cols1_rows86.csv 0","Bird","1.00"
"file21126_1_cols1_rows86.csv 0","Place","0.22"
"file21126_1_cols1_rows86.csv 0","President","0.27"
"file21126_1_cols1_rows86.csv 0","MilitaryPerson","0.31"
"file21126_1_cols1_rows86.csv 0","Politician","0.30"
"file21126_1_cols1_rows86.csv 0","PopulatedPlace","0.13"
"file21126_1_cols1_rows86.csv 0","Species","1.00"
"file21126_1_cols1_rows86.csv 0","Person","0.22"
"file21126_1_cols1_rows86.csv 0","Animal","0.77"
"file21126_1_cols1_rows86.csv 0","Band","0.43"
"file21126_1_cols1_rows86.csv 0","Town","0.19"
"file21126_1_cols1_rows86.csv 0","Group","0.59"
"file21126_1_cols1_rows86.csv 0","Eukaryote","0.70"
"file21126_1_cols1_rows86.csv 0","OfficeHolder","0.34"
"file134400_0_cols1_rows22.csv 1","Event","0.63"
"file134400_0_cols1_rows22.csv 1","Settlement","0.07"
"file134400_0_cols1_rows22.csv 1","SocietalEvent","0.15"
"file134400_0_cols1_rows22.csv 1","Place","0.14"
"file134400_0_cols1_rows22.csv 1","Artist","0.09"
"file134400_0_cols1_rows22.csv 1","Band","0.32"
"file134400_0_cols1_rows22.csv 1","Work","1.00"
"file134400_0_cols1_rows22.csv 1","Location","0.11"
"file134400_0_cols1_rows22.csv 1","Election","0.06"
"file134400_0_cols1_rows22.csv 1","PopulatedPlace","0.12"
"file134400_0_cols1_rows22.csv 1","Book","1.00"
"file134400_0_cols1_rows22.csv 1","MusicalArtist","0.12"
"file134400_0_cols1_rows22.csv 1","Person","0.15"
"file134400_0_cols1_rows22.csv 1","Group","0.28"
"file134400_0_cols1_rows22.csv 1","Agent","0.30"
"file134400_0_cols1_rows22.csv 1","Organisation","0.17"
"file134400_0_cols1_rows22.csv 1","WrittenWork","0.81"
"file117573_0_cols1_rows23.csv 1","Event","0.68"
"file117573_0_cols1_rows23.csv 1","SocietalEvent","0.12"
"file117573_0_cols1_rows23.csv 1","Artist","0.13"
"file117573_0_cols1_rows23.csv 1","Band","0.27"
"file117573_0_cols1_rows23.csv 1","Work","1.00"
"file117573_0_cols1_rows23.csv 1","FictionalCharacter","0.18"
"file117573_0_cols1_rows23.csv 1","Election","0.11"
"file117573_0_cols1_rows23.csv 1","Software","0.37"
"file117573_0_cols1_rows23.csv 1","Book","1.00"
"file117573_0_cols1_rows23.csv 1","MusicalArtist","0.15"
"file117573_0_cols1_rows23.csv 1","Person","0.15"
"file117573_0_cols1_rows23.csv 1","Group","0.26"
"file117573_0_cols1_rows23.csv 1","Agent","0.17"
"file117573_0_cols1_rows23.csv 1","Film","0.98"
"file117573_0_cols1_rows23.csv 1","SportsTeam","0.10"
"file117573_0_cols1_rows23.csv 1","Organisation","0.18"
"file117573_0_cols1_rows23.csv 1","WrittenWork","0.84"
"file544011_0_cols1_rows15.csv 0","Country","0.80"
"file544011_0_cols1_rows15.csv 0","Place","0.63"
"file544011_0_cols1_rows15.csv 0","Work","0.47"
"file544011_0_cols1_rows15.csv 0","Location","0.67"
"file544011_0_cols1_rows15.csv 0","PopulatedPlace","0.64"
"file544011_0_cols1_rows15.csv 0","Book","0.10"
"file544011_0_cols1_rows15.csv 0","Agent","0.94"
"file544011_0_cols1_rows15.csv 0","Organisation","0.90"
"file544011_0_cols1_rows15.csv 0","WrittenWork","0.12"
"file16426_0_cols1_rows11.csv 0","Event","0.03"
"file16426_0_cols1_rows11.csv 0","Settlement","0.05"
"file16426_0_cols1_rows11.csv 0","Place","0.08"
"file16426_0_cols1_rows11.csv 0","ArchitecturalStructure","0.08"
"file16426_0_cols1_rows11.csv 0","Device","0.18"
"file16426_0_cols1_rows11.csv 0","Building","0.04"
"file16426_0_cols1_rows11.csv 0","Company","0.11"
"file16426_0_cols1_rows11.csv 0","Work","0.01"
"file16426_0_cols1_rows11.csv 0","MilitaryConflict","0.10"
"file16426_0_cols1_rows11.csv 0","PopulatedPlace","0.03"
"file16426_0_cols1_rows11.csv 0","Weapon","0.76"
"file16426_0_cols1_rows11.csv 0","TelevisionShow","0.07"
"file16426_0_cols1_rows11.csv 0","Person","0.27"
"file16426_0_cols1_rows11.csv 0","SocietalEvent","0.05"
"file16426_0_cols1_rows11.csv 0","Agent","0.48"
"file16426_0_cols1_rows11.csv 0","Film","0.03"
"file16426_0_cols1_rows11.csv 0","Organisation","0.08"
"file115820_0_cols1_rows9.csv 1","Work","0.14"
"file115820_0_cols1_rows9.csv 1","Book","0.22"
"file115820_0_cols1_rows9.csv 1","Person","0.86"
"file115820_0_cols1_rows9.csv 1","Agent","0.77"
"file115820_0_cols1_rows9.csv 1","OfficeHolder","0.93"
"file115820_0_cols1_rows9.csv 1","WrittenWork","0.24"
"file101640_0_cols1_rows31.csv 3","Location","0.15"
"file101640_0_cols1_rows31.csv 3","College","1.00"
"file101640_0_cols1_rows31.csv 3","Agent","0.92"
"file101640_0_cols1_rows31.csv 3","Settlement","0.03"
"file101640_0_cols1_rows31.csv 3","Cleric","0.03"
"file101640_0_cols1_rows31.csv 3","Place","0.14"
"file101640_0_cols1_rows31.csv 3","SoccerClub","0.03"
"file101640_0_cols1_rows31.csv 3","City","0.05"
"file101640_0_cols1_rows31.csv 3","Royalty","0.02"
"file101640_0_cols1_rows31.csv 3","PopulatedPlace","0.03"
"file101640_0_cols1_rows31.csv 3","Saint","0.03"
"file101640_0_cols1_rows31.csv 3","EducationalInstitution","0.95"
"file101640_0_cols1_rows31.csv 3","Person","0.05"
"file101640_0_cols1_rows31.csv 3","SportsTeam","0.03"
"file101640_0_cols1_rows31.csv 3","ArchitecturalStructure","0.14"
"file101640_0_cols1_rows31.csv 3","Building","0.16"
"file101640_0_cols1_rows31.csv 3","University","1.00"
"file101640_0_cols1_rows31.csv 3","Organisation","0.92"
"file124163_2_cols1_rows20.csv 0","MusicalWork","0.14"
"file124163_2_cols1_rows20.csv 0","Work","0.60"
"file124163_2_cols1_rows20.csv 0","PersonFunction","0.78"
"file124163_2_cols1_rows20.csv 0","Album","0.13"
"file124163_2_cols1_rows20.csv 0","Person","0.79"
"file124163_2_cols1_rows20.csv 0","Agent","0.62"
"file135940_0_cols1_rows35.csv 1","MusicalWork","0.22"
"file135940_0_cols1_rows35.csv 1","Company","0.36"
"file135940_0_cols1_rows35.csv 1","Artist","0.51"
"file135940_0_cols1_rows35.csv 1","Work","0.20"
"file135940_0_cols1_rows35.csv 1","PersonFunction","0.57"
"file135940_0_cols1_rows35.csv 1","MemberOfParliament","0.48"
"file135940_0_cols1_rows35.csv 1","Politician","0.43"
"file135940_0_cols1_rows35.csv 1","Athlete","0.43"
"file135940_0_cols1_rows35.csv 1","EducationalInstitution","0.17"
"file135940_0_cols1_rows35.csv 1","Organisation","0.27"
"file135940_0_cols1_rows35.csv 1","MusicalArtist","0.54"
"file135940_0_cols1_rows35.csv 1","Person","0.81"
"file135940_0_cols1_rows35.csv 1","Agent","0.72"
"file135940_0_cols1_rows35.csv 1","Film","1.00"
"file135940_0_cols1_rows35.csv 1","University","0.22"
"file135940_0_cols1_rows35.csv 1","OfficeHolder","0.55"
"file109657_6_cols1_rows8.csv 0","MusicalWork","0.42"
"file109657_6_cols1_rows8.csv 0","Cleric","0.12"
"file109657_6_cols1_rows8.csv 0","Place","0.23"
"file109657_6_cols1_rows8.csv 0","ArchitecturalStructure","0.23"
"file109657_6_cols1_rows8.csv 0","Building","0.18"
"file109657_6_cols1_rows8.csv 0","Work","0.92"
"file109657_6_cols1_rows8.csv 0","MilitaryPerson","0.13"
"file109657_6_cols1_rows8.csv 0","TelevisionSeason","0.08"
"file109657_6_cols1_rows8.csv 0","Location","0.05"
"file109657_6_cols1_rows8.csv 0","MeanOfTransportation","0.06"
"file109657_6_cols1_rows8.csv 0","Software","0.58"
"file109657_6_cols1_rows8.csv 0","Saint","0.20"
"file109657_6_cols1_rows8.csv 0","Album","0.56"
"file109657_6_cols1_rows8.csv 0","Person","0.09"
"file109657_6_cols1_rows8.csv 0","Agent","0.28"
"file114403_0_cols1_rows82.csv 1","Event","0.06"
"file114403_0_cols1_rows82.csv 1","Location","0.11"
"file114403_0_cols1_rows82.csv 1","Athlete","0.10"
"file114403_0_cols1_rows82.csv 1","Agent","0.21"
"file114403_0_cols1_rows82.csv 1","Film","0.28"
"file114403_0_cols1_rows82.csv 1","Place","0.10"
"file114403_0_cols1_rows82.csv 1","Royalty","0.07"
"file114403_0_cols1_rows82.csv 1","Book","1.00"
"file114403_0_cols1_rows82.csv 1","Person","0.16"
"file114403_0_cols1_rows82.csv 1","Work","0.87"
"file114403_0_cols1_rows82.csv 1","Band","0.23"
"file114403_0_cols1_rows82.csv 1","MilitaryConflict","0.08"
"file114403_0_cols1_rows82.csv 1","TelevisionShow","0.29"
"file114403_0_cols1_rows82.csv 1","SocietalEvent","0.07"
"file114403_0_cols1_rows82.csv 1","TopicalConcept","0.11"
"file114403_0_cols1_rows82.csv 1","SportsTeam","0.09"
"file114403_0_cols1_rows82.csv 1","WrittenWork","0.79"
"file114403_0_cols1_rows82.csv 1","Writer","0.13"
"file114403_0_cols1_rows82.csv 1","ArchitecturalStructure","0.09"
"file114403_0_cols1_rows82.csv 1","SportFacility","0.08"
"file114403_0_cols1_rows82.csv 1","Group","0.26"
"file114403_0_cols1_rows82.csv 1","Organisation","0.13"
"file162595_3_cols1_rows19.csv 1","Artist","0.04"
"file162595_3_cols1_rows19.csv 1","Band","0.23"
"file162595_3_cols1_rows19.csv 1","Work","1.00"
"file162595_3_cols1_rows19.csv 1","FictionalCharacter","0.11"
"file162595_3_cols1_rows19.csv 1","Book","1.00"
"file162595_3_cols1_rows19.csv 1","MusicalArtist","0.07"
"file162595_3_cols1_rows19.csv 1","Person","0.14"
"file162595_3_cols1_rows19.csv 1","Group","0.22"
"file162595_3_cols1_rows19.csv 1","Agent","0.27"
"file162595_3_cols1_rows19.csv 1","Film","0.72"
"file162595_3_cols1_rows19.csv 1","SportsTeam","0.08"
"file162595_3_cols1_rows19.csv 1","Organisation","0.17"
"file162595_3_cols1_rows19.csv 1","WrittenWork","0.81"
"file138986_23_cols1_rows17.csv 0","Broadcaster","0.32"
"file138986_23_cols1_rows17.csv 0","Newspaper","0.89"
"file138986_23_cols1_rows17.csv 0","BroadcastNetwork","0.26"
"file138986_23_cols1_rows17.csv 0","Settlement","0.21"
"file138986_23_cols1_rows17.csv 0","Place","0.21"
"file138986_23_cols1_rows17.csv 0","Company","0.30"
"file138986_23_cols1_rows17.csv 0","PeriodicalLiterature","0.88"
"file138986_23_cols1_rows17.csv 0","Work","0.81"
"file138986_23_cols1_rows17.csv 0","PoliticalParty","0.19"
"file138986_23_cols1_rows17.csv 0","Location","0.22"
"file138986_23_cols1_rows17.csv 0","Magazine","0.51"
"file138986_23_cols1_rows17.csv 0","PopulatedPlace","0.22"
"file138986_23_cols1_rows17.csv 0","Royalty","0.19"
"file138986_23_cols1_rows17.csv 0","Person","0.25"
"file138986_23_cols1_rows17.csv 0","Agent","0.30"
"file138986_23_cols1_rows17.csv 0","Organisation","0.26"
"file138986_23_cols1_rows17.csv 0","WrittenWork","0.81"
"file169346_0_cols1_rows7.csv 1","Person","0.91"
"file169346_0_cols1_rows7.csv 1","Royalty","0.99"
"file169346_0_cols1_rows7.csv 1","Agent","0.81"
"file219474_11_cols1_rows22.csv 1","TelevisionEpisode","0.74"
"file219474_11_cols1_rows22.csv 1","MusicalWork","0.27"
"file219474_11_cols1_rows22.csv 1","Place","0.05"
"file219474_11_cols1_rows22.csv 1","Work","1.00"
"file219474_11_cols1_rows22.csv 1","FictionalCharacter","0.23"
"file219474_11_cols1_rows22.csv 1","EthnicGroup","0.08"
"file219474_11_cols1_rows22.csv 1","Album","0.24"
"file219474_11_cols1_rows22.csv 1","Person","0.14"
"file219474_11_cols1_rows22.csv 1","Agent","0.20"
"file219474_11_cols1_rows22.csv 1","Film","0.93"
"file114818_0_cols1_rows22.csv 0","University","1.00"
"file114818_0_cols1_rows22.csv 0","Royalty","0.00"
"file114818_0_cols1_rows22.csv 0","EducationalInstitution","1.00"
"file114818_0_cols1_rows22.csv 0","Person","0.02"
"file114818_0_cols1_rows22.csv 0","Agent","0.95"
"file114818_0_cols1_rows22.csv 0","SportsTeam","0.03"
"file114818_0_cols1_rows22.csv 0","Organisation","1.00"
"file118301_28_cols1_rows28.csv 0","Broadcaster","0.37"
"file118301_28_cols1_rows28.csv 0","Newspaper","0.82"
"file118301_28_cols1_rows28.csv 0","BroadcastNetwork","0.31"
"file118301_28_cols1_rows28.csv 0","Settlement","0.30"
"file118301_28_cols1_rows28.csv 0","Place","0.26"
"file118301_28_cols1_rows28.csv 0","Company","0.38"
"file118301_28_cols1_rows28.csv 0","PeriodicalLiterature","0.84"
"file118301_28_cols1_rows28.csv 0","Work","0.75"
"file118301_28_cols1_rows28.csv 0","PoliticalParty","0.21"
"file118301_28_cols1_rows28.csv 0","Location","0.28"
"file118301_28_cols1_rows28.csv 0","Magazine","0.56"
"file118301_28_cols1_rows28.csv 0","Software","0.30"
"file118301_28_cols1_rows28.csv 0","PopulatedPlace","0.30"
"file118301_28_cols1_rows28.csv 0","Person","0.33"
"file118301_28_cols1_rows28.csv 0","Agent","0.41"
"file118301_28_cols1_rows28.csv 0","Organisation","0.34"
"file118301_28_cols1_rows28.csv 0","WrittenWork","0.78"
"file141150_4_cols1_rows13.csv 0","Person","0.90"
"file141150_4_cols1_rows13.csv 0","Agent","0.80"
"file141150_4_cols1_rows13.csv 0","PersonFunction","0.69"
"file409519_0_cols1_rows26.csv 0","Writer","0.61"
"file409519_0_cols1_rows26.csv 0","Place","0.15"
"file409519_0_cols1_rows26.csv 0","PrimeMinister","0.29"
"file409519_0_cols1_rows26.csv 0","Politician","0.56"
"file409519_0_cols1_rows26.csv 0","Athlete","0.36"
"file409519_0_cols1_rows26.csv 0","School","0.08"
"file409519_0_cols1_rows26.csv 0","EducationalInstitution","0.06"
"file409519_0_cols1_rows26.csv 0","OfficeHolder","0.68"
"file409519_0_cols1_rows26.csv 0","Person","0.91"
"file409519_0_cols1_rows26.csv 0","Agent","0.87"
"file409519_0_cols1_rows26.csv 0","Organisation","0.10"
"file409519_0_cols1_rows26.csv 0","NaturalPlace","0.10"
"file123945_0_cols1_rows17.csv 0","Mammal","0.21"
"file123945_0_cols1_rows17.csv 0","Event","0.08"
"file123945_0_cols1_rows17.csv 0","Location","0.13"
"file123945_0_cols1_rows17.csv 0","Magazine","0.20"
"file123945_0_cols1_rows17.csv 0","Album","0.30"
"file123945_0_cols1_rows17.csv 0","Agent","0.22"
"file123945_0_cols1_rows17.csv 0","Film","1.00"
"file123945_0_cols1_rows17.csv 0","Place","0.11"
"file123945_0_cols1_rows17.csv 0","Royalty","0.14"
"file123945_0_cols1_rows17.csv 0","Software","0.29"
"file123945_0_cols1_rows17.csv 0","Book","0.46"
"file123945_0_cols1_rows17.csv 0","Species","0.13"
"file123945_0_cols1_rows17.csv 0","Person","0.22"
"file123945_0_cols1_rows17.csv 0","PeriodicalLiterature","0.17"
"file123945_0_cols1_rows17.csv 0","MusicalWork","0.29"
"file123945_0_cols1_rows17.csv 0","Animal","0.15"
"file123945_0_cols1_rows17.csv 0","Work","0.75"
"file123945_0_cols1_rows17.csv 0","MilitaryConflict","0.14"
"file123945_0_cols1_rows17.csv 0","SocietalEvent","0.07"
"file123945_0_cols1_rows17.csv 0","SportsTeam","0.17"
"file123945_0_cols1_rows17.csv 0","WrittenWork","0.47"
"file123945_0_cols1_rows17.csv 0","TelevisionEpisode","0.40"
"file123945_0_cols1_rows17.csv 0","VideoGame","0.25"
"file123945_0_cols1_rows17.csv 0","Writer","0.26"
"file123945_0_cols1_rows17.csv 0","Eukaryote","0.12"
"file123945_0_cols1_rows17.csv 0","Organisation","0.20"
"file160562_0_cols1_rows11.csv 0","Event","0.35"
"file160562_0_cols1_rows11.csv 0","Settlement","0.73"
"file160562_0_cols1_rows11.csv 0","Place","0.72"
"file160562_0_cols1_rows11.csv 0","ArchitecturalStructure","0.30"
"file160562_0_cols1_rows11.csv 0","MilitaryConflict","0.23"
"file160562_0_cols1_rows11.csv 0","PopulatedPlace","0.82"
"file160562_0_cols1_rows11.csv 0","SocietalEvent","0.25"
"file119797_0_cols1_rows39.csv 0","Location","0.07"
"file119797_0_cols1_rows39.csv 0","College","1.00"
"file119797_0_cols1_rows39.csv 0","Agent","0.94"
"file119797_0_cols1_rows39.csv 0","Settlement","0.01"
"file119797_0_cols1_rows39.csv 0","Cleric","0.01"
"file119797_0_cols1_rows39.csv 0","Place","0.07"
"file119797_0_cols1_rows39.csv 0","City","0.01"
"file119797_0_cols1_rows39.csv 0","Royalty","0.00"
"file119797_0_cols1_rows39.csv 0","PopulatedPlace","0.00"
"file119797_0_cols1_rows39.csv 0","School","0.79"
"file119797_0_cols1_rows39.csv 0","Saint","0.02"
"file119797_0_cols1_rows39.csv 0","EducationalInstitution","0.97"
"file119797_0_cols1_rows39.csv 0","Person","0.01"
"file119797_0_cols1_rows39.csv 0","Town","0.00"
"file119797_0_cols1_rows39.csv 0","ArchitecturalStructure","0.08"
"file119797_0_cols1_rows39.csv 0","Building","0.10"
"file119797_0_cols1_rows39.csv 0","University","1.00"
"file119797_0_cols1_rows39.csv 0","Organisation","0.97"
"file145174_1_cols1_rows37.csv 0","Event","0.09"
"file145174_1_cols1_rows37.csv 0","Country","0.21"
"file145174_1_cols1_rows37.csv 0","Location","0.28"
"file145174_1_cols1_rows37.csv 0","Album","0.29"
"file145174_1_cols1_rows37.csv 0","Single","0.30"
"file145174_1_cols1_rows37.csv 0","Agent","0.29"
"file145174_1_cols1_rows37.csv 0","Film","1.00"
"file145174_1_cols1_rows37.csv 0","NaturalPlace","0.19"
"file145174_1_cols1_rows37.csv 0","Settlement","0.24"
"file145174_1_cols1_rows37.csv 0","Place","0.24"
"file145174_1_cols1_rows37.csv 0","Song","0.44"
"file145174_1_cols1_rows37.csv 0","City","0.27"
"file145174_1_cols1_rows37.csv 0","PopulatedPlace","0.28"
"file145174_1_cols1_rows37.csv 0","MusicalArtist","0.36"
"file145174_1_cols1_rows37.csv 0","Person","0.35"
"file145174_1_cols1_rows37.csv 0","MusicalWork","0.30"
"file145174_1_cols1_rows37.csv 0","Work","0.75"
"file145174_1_cols1_rows37.csv 0","PoliticalParty","0.16"
"file145174_1_cols1_rows37.csv 0","MilitaryConflict","0.10"
"file145174_1_cols1_rows37.csv 0","TelevisionShow","0.36"
"file145174_1_cols1_rows37.csv 0","SocietalEvent","0.13"
"file145174_1_cols1_rows37.csv 0","ArchitecturalStructure","0.12"
"file145174_1_cols1_rows37.csv 0","Artist","0.38"
"file145174_1_cols1_rows37.csv 0","SportFacility","0.17"
"file145174_1_cols1_rows37.csv 0","Disease","0.16"
"file145174_1_cols1_rows37.csv 0","Organisation","0.17"
"file171157_0_cols1_rows21.csv 0","Country","0.16"
"file171157_0_cols1_rows21.csv 0","VideoGame","0.39"
"file171157_0_cols1_rows21.csv 0","Place","0.17"
"file171157_0_cols1_rows21.csv 0","Artist","0.20"
"file171157_0_cols1_rows21.csv 0","Band","0.30"
"file171157_0_cols1_rows21.csv 0","Work","0.83"
"file171157_0_cols1_rows21.csv 0","FictionalCharacter","0.27"
"file171157_0_cols1_rows21.csv 0","Location","0.20"
"file171157_0_cols1_rows21.csv 0","Software","0.31"
"file171157_0_cols1_rows21.csv 0","Royalty","0.18"
"file171157_0_cols1_rows21.csv 0","PopulatedPlace","0.18"
"file171157_0_cols1_rows21.csv 0","MusicalArtist","0.22"
"file171157_0_cols1_rows21.csv 0","Person","0.18"
"file171157_0_cols1_rows21.csv 0","Group","0.41"
"file171157_0_cols1_rows21.csv 0","Agent","0.16"
"file171157_0_cols1_rows21.csv 0","Film","1.00"
"file171157_0_cols1_rows21.csv 0","Organisation","0.25"
"file135940_0_cols1_rows35.csv 1","Award","0.68"
