"file109657_7_cols1_rows7.csv 0","Organisation","0.15"
"file109657_7_cols1_rows7.csv 0","ArchitecturalStructure","0.25"
"file109657_7_cols1_rows7.csv 0","Place","0.19"
"file109657_7_cols1_rows7.csv 0","Building","0.39"
"file109657_7_cols1_rows7.csv 0","Agent","0.07"
"file109657_7_cols1_rows7.csv 0","Broadcaster","0.10"
"file114403_0_cols1_rows82.csv 1","Person","0.14"
"file114403_0_cols1_rows82.csv 1","Book","0.75"
"file114403_0_cols1_rows82.csv 1","TopicalConcept","0.06"
"file114403_0_cols1_rows82.csv 1","TelevisionShow","0.26"
"file114403_0_cols1_rows82.csv 1","Place","0.05"
"file114403_0_cols1_rows82.csv 1","Event","0.03"
"file114403_0_cols1_rows82.csv 1","Royalty","0.04"
"file114403_0_cols1_rows82.csv 1","Work","0.91"
"file114403_0_cols1_rows82.csv 1","Athlete","0.03"
"file114403_0_cols1_rows82.csv 1","Location","0.10"
"file114403_0_cols1_rows82.csv 1","Group","0.28"
"file114403_0_cols1_rows82.csv 1","Organisation","0.06"
"file114403_0_cols1_rows82.csv 1","WrittenWork","0.77"
"file114403_0_cols1_rows82.csv 1","Agent","0.07"
"file114403_0_cols1_rows82.csv 1","Writer","0.03"
"file114403_0_cols1_rows82.csv 1","SportFacility","0.04"
"file114403_0_cols1_rows82.csv 1","Band","0.24"
"file114403_0_cols1_rows82.csv 1","SocietalEvent","0.04"
"file114403_0_cols1_rows82.csv 1","MilitaryConflict","0.04"
"file114403_0_cols1_rows82.csv 1","ArchitecturalStructure","0.06"
"file114403_0_cols1_rows82.csv 1","SportsTeam","0.05"
"file114403_0_cols1_rows82.csv 1","Film","0.27"
"file110008_0_cols1_rows66.csv 1","Ship","0.05"
"file110008_0_cols1_rows66.csv 1","Song","0.35"
"file110008_0_cols1_rows66.csv 1","Person","0.12"
"file110008_0_cols1_rows66.csv 1","MilitaryPerson","0.04"
"file110008_0_cols1_rows66.csv 1","Single","0.23"
"file110008_0_cols1_rows66.csv 1","Book","0.75"
"file110008_0_cols1_rows66.csv 1","Device","0.06"
"file110008_0_cols1_rows66.csv 1","TopicalConcept","0.06"
"file110008_0_cols1_rows66.csv 1","Cleric","0.08"
"file110008_0_cols1_rows66.csv 1","OfficeHolder","0.05"
"file110008_0_cols1_rows66.csv 1","ComicsCharacter","0.15"
"file110008_0_cols1_rows66.csv 1","MeanOfTransportation","0.06"
"file110008_0_cols1_rows66.csv 1","TelevisionShow","0.29"
"file110008_0_cols1_rows66.csv 1","Place","0.04"
"file110008_0_cols1_rows66.csv 1","Film","0.31"
"file110008_0_cols1_rows66.csv 1","Building","0.08"
"file110008_0_cols1_rows66.csv 1","Album","0.26"
"file110008_0_cols1_rows66.csv 1","Work","0.89"
"file110008_0_cols1_rows66.csv 1","Location","0.07"
"file110008_0_cols1_rows66.csv 1","Group","0.32"
"file110008_0_cols1_rows66.csv 1","PopulatedPlace","0.02"
"file110008_0_cols1_rows66.csv 1","Organisation","0.08"
"file110008_0_cols1_rows66.csv 1","Saint","0.03"
"file110008_0_cols1_rows66.csv 1","WrittenWork","0.74"
"file110008_0_cols1_rows66.csv 1","Agent","0.12"
"file110008_0_cols1_rows66.csv 1","FictionalCharacter","0.24"
"file110008_0_cols1_rows66.csv 1","Band","0.26"
"file110008_0_cols1_rows66.csv 1","ArchitecturalStructure","0.04"
"file110008_0_cols1_rows66.csv 1","Species","0.05"
"file110008_0_cols1_rows66.csv 1","Eukaryote","0.06"
"file110008_0_cols1_rows66.csv 1","Settlement","0.02"
"file110008_0_cols1_rows66.csv 1","MusicalWork","0.23"
"file141150_2_cols1_rows19.csv 0","Person","0.83"
"file141150_2_cols1_rows19.csv 0","Album","0.30"
"file141150_2_cols1_rows19.csv 0","Work","0.28"
"file141150_2_cols1_rows19.csv 0","Agent","0.86"
"file141150_2_cols1_rows19.csv 0","MusicalWork","0.29"
"file145480_2_cols1_rows52.csv 1","Agent","0.98"
"file145480_2_cols1_rows52.csv 1","Scientist","0.98"
"file145480_2_cols1_rows52.csv 1","Person","0.99"
"file158965_0_cols1_rows100.csv 0","TelevisionSeason","0.02"
"file158965_0_cols1_rows100.csv 0","Song","0.37"
"file158965_0_cols1_rows100.csv 0","Person","0.31"
"file158965_0_cols1_rows100.csv 0","Artist","0.17"
"file158965_0_cols1_rows100.csv 0","Election","0.01"
"file158965_0_cols1_rows100.csv 0","VideoGame","0.23"
"file158965_0_cols1_rows100.csv 0","OfficeHolder","0.07"
"file158965_0_cols1_rows100.csv 0","Disease","0.06"
"file158965_0_cols1_rows100.csv 0","Place","0.06"
"file158965_0_cols1_rows100.csv 0","Film","0.56"
"file158965_0_cols1_rows100.csv 0","Event","0.01"
"file158965_0_cols1_rows100.csv 0","Royalty","0.05"
"file158965_0_cols1_rows100.csv 0","Work","0.83"
"file158965_0_cols1_rows100.csv 0","Animal","0.07"
"file158965_0_cols1_rows100.csv 0","Location","0.06"
"file158965_0_cols1_rows100.csv 0","PopulatedPlace","0.06"
"file158965_0_cols1_rows100.csv 0","AmusementParkAttraction","0.28"
"file158965_0_cols1_rows100.csv 0","WrittenWork","0.55"
"file158965_0_cols1_rows100.csv 0","Agent","0.31"
"file158965_0_cols1_rows100.csv 0","Writer","0.12"
"file158965_0_cols1_rows100.csv 0","FictionalCharacter","0.38"
"file158965_0_cols1_rows100.csv 0","MusicalArtist","0.18"
"file158965_0_cols1_rows100.csv 0","SocietalEvent","0.02"
"file158965_0_cols1_rows100.csv 0","ArchitecturalStructure","0.04"
"file158965_0_cols1_rows100.csv 0","Software","0.36"
"file158965_0_cols1_rows100.csv 0","Eukaryote","0.09"
"file158965_0_cols1_rows100.csv 0","Species","0.12"
"file158965_0_cols1_rows100.csv 0","Settlement","0.04"
"file158965_0_cols1_rows100.csv 0","MusicalWork","0.29"
"file169346_0_cols1_rows7.csv 1","Agent","0.88"
"file169346_0_cols1_rows7.csv 1","Royalty","1.00"
"file169346_0_cols1_rows7.csv 1","Person","0.99"
"file124647_0_cols1_rows9.csv 1","Organisation","0.05"
"file124647_0_cols1_rows9.csv 1","Person","0.61"
"file124647_0_cols1_rows9.csv 1","Royalty","0.97"
"file124647_0_cols1_rows9.csv 1","Agent","0.55"
"file124163_2_cols1_rows20.csv 0","Person","0.98"
"file124163_2_cols1_rows20.csv 0","PersonFunction","0.84"
"file124163_2_cols1_rows20.csv 0","Album","0.01"
"file124163_2_cols1_rows20.csv 0","Work","0.02"
"file124163_2_cols1_rows20.csv 0","Agent","0.86"
"file124163_2_cols1_rows20.csv 0","MusicalWork","0.09"
"file145241_0_cols1_rows9.csv 1","Person","0.91"
"file145241_0_cols1_rows9.csv 1","Book","0.46"
"file145241_0_cols1_rows9.csv 1","Work","0.21"
"file145241_0_cols1_rows9.csv 1","WrittenWork","0.09"
"file145241_0_cols1_rows9.csv 1","OfficeHolder","0.98"
"file145241_0_cols1_rows9.csv 1","Agent","0.88"
"file162595_3_cols1_rows19.csv 1","Band","0.12"
"file162595_3_cols1_rows19.csv 1","Organisation","0.06"
"file162595_3_cols1_rows19.csv 1","Person","0.02"
"file162595_3_cols1_rows19.csv 1","SportsTeam","0.03"
"file162595_3_cols1_rows19.csv 1","Book","0.77"
"file162595_3_cols1_rows19.csv 1","MusicalArtist","0.02"
"file162595_3_cols1_rows19.csv 1","Artist","0.01"
"file162595_3_cols1_rows19.csv 1","WrittenWork","0.83"
"file162595_3_cols1_rows19.csv 1","Work","0.94"
"file162595_3_cols1_rows19.csv 1","Agent","0.02"
"file162595_3_cols1_rows19.csv 1","FictionalCharacter","0.06"
"file162595_3_cols1_rows19.csv 1","Film","0.21"
"file162595_3_cols1_rows19.csv 1","Group","0.09"
"file219474_11_cols1_rows22.csv 1","Place","0.02"
"file219474_11_cols1_rows22.csv 1","Person","0.08"
"file219474_11_cols1_rows22.csv 1","Film","0.17"
"file219474_11_cols1_rows22.csv 1","Album","0.23"
"file219474_11_cols1_rows22.csv 1","FictionalCharacter","0.20"
"file219474_11_cols1_rows22.csv 1","EthnicGroup","0.01"
"file219474_11_cols1_rows22.csv 1","Work","0.90"
"file219474_11_cols1_rows22.csv 1","Agent","0.04"
"file219474_11_cols1_rows22.csv 1","TelevisionEpisode","0.68"
"file219474_11_cols1_rows22.csv 1","MusicalWork","0.25"
"file98470_1_cols1_rows55.csv 1","TelevisionSeason","0.09"
"file98470_1_cols1_rows55.csv 1","Play","0.45"
"file98470_1_cols1_rows55.csv 1","Person","0.18"
"file98470_1_cols1_rows55.csv 1","MilitaryPerson","0.07"
"file98470_1_cols1_rows55.csv 1","Single","0.20"
"file98470_1_cols1_rows55.csv 1","Book","0.55"
"file98470_1_cols1_rows55.csv 1","Artist","0.08"
"file98470_1_cols1_rows55.csv 1","University","0.03"
"file98470_1_cols1_rows55.csv 1","Cleric","0.09"
"file98470_1_cols1_rows55.csv 1","Infrastructure","0.06"
"file98470_1_cols1_rows55.csv 1","OfficeHolder","0.05"
"file98470_1_cols1_rows55.csv 1","Broadcaster","0.11"
"file98470_1_cols1_rows55.csv 1","TelevisionShow","0.42"
"file98470_1_cols1_rows55.csv 1","NaturalPlace","0.08"
"file98470_1_cols1_rows55.csv 1","Place","0.22"
"file98470_1_cols1_rows55.csv 1","Film","0.47"
"file98470_1_cols1_rows55.csv 1","City","0.08"
"file98470_1_cols1_rows55.csv 1","Company","0.18"
"file98470_1_cols1_rows55.csv 1","Event","0.06"
"file98470_1_cols1_rows55.csv 1","Building","0.12"
"file98470_1_cols1_rows55.csv 1","Album","0.25"
"file98470_1_cols1_rows55.csv 1","Work","0.80"
"file98470_1_cols1_rows55.csv 1","Athlete","0.07"
"file98470_1_cols1_rows55.csv 1","Animal","0.05"
"file98470_1_cols1_rows55.csv 1","Newspaper","0.13"
"file98470_1_cols1_rows55.csv 1","Location","0.24"
"file98470_1_cols1_rows55.csv 1","TelevisionEpisode","0.48"
"file98470_1_cols1_rows55.csv 1","BroadcastNetwork","0.09"
"file98470_1_cols1_rows55.csv 1","Group","0.37"
"file98470_1_cols1_rows55.csv 1","PopulatedPlace","0.06"
"file98470_1_cols1_rows55.csv 1","Organisation","0.15"
"file98470_1_cols1_rows55.csv 1","PeriodicalLiterature","0.15"
"file98470_1_cols1_rows55.csv 1","Saint","0.09"
"file98470_1_cols1_rows55.csv 1","WrittenWork","0.58"
"file98470_1_cols1_rows55.csv 1","Agent","0.18"
"file98470_1_cols1_rows55.csv 1","Writer","0.08"
"file98470_1_cols1_rows55.csv 1","FictionalCharacter","0.22"
"file98470_1_cols1_rows55.csv 1","MusicalArtist","0.15"
"file98470_1_cols1_rows55.csv 1","EducationalInstitution","0.03"
"file98470_1_cols1_rows55.csv 1","SocietalEvent","0.13"
"file98470_1_cols1_rows55.csv 1","ArchitecturalStructure","0.15"
"file98470_1_cols1_rows55.csv 1","Band","0.30"
"file98470_1_cols1_rows55.csv 1","EthnicGroup","0.08"
"file98470_1_cols1_rows55.csv 1","Mammal","0.15"
"file98470_1_cols1_rows55.csv 1","Town","0.05"
"file98470_1_cols1_rows55.csv 1","Species","0.05"
"file98470_1_cols1_rows55.csv 1","Eukaryote","0.09"
"file98470_1_cols1_rows55.csv 1","Settlement","0.09"
"file98470_1_cols1_rows55.csv 1","MusicalWork","0.21"
"file100415_0_cols1_rows14.csv 1","SocietalEvent","0.17"
"file100415_0_cols1_rows14.csv 1","Organisation","0.06"
"file100415_0_cols1_rows14.csv 1","Person","0.02"
"file100415_0_cols1_rows14.csv 1","Film","0.28"
"file100415_0_cols1_rows14.csv 1","Event","0.17"
"file100415_0_cols1_rows14.csv 1","SportsTeam","0.03"
"file100415_0_cols1_rows14.csv 1","Book","0.70"
"file100415_0_cols1_rows14.csv 1","FictionalCharacter","0.08"
"file100415_0_cols1_rows14.csv 1","Work","0.99"
"file100415_0_cols1_rows14.csv 1","WrittenWork","0.78"
"file100415_0_cols1_rows14.csv 1","Software","0.54"
"file100415_0_cols1_rows14.csv 1","Agent","0.01"
"file100415_0_cols1_rows14.csv 1","Election","0.05"
"file396393_0_cols1_rows100.csv 0","Song","0.31"
"file396393_0_cols1_rows100.csv 0","Person","0.36"
"file396393_0_cols1_rows100.csv 0","Book","0.60"
"file396393_0_cols1_rows100.csv 0","Artist","0.11"
"file396393_0_cols1_rows100.csv 0","VideoGame","0.22"
"file396393_0_cols1_rows100.csv 0","Place","0.14"
"file396393_0_cols1_rows100.csv 0","Film","0.56"
"file396393_0_cols1_rows100.csv 0","Royalty","0.04"
"file396393_0_cols1_rows100.csv 0","Work","0.77"
"file396393_0_cols1_rows100.csv 0","Animal","0.03"
"file396393_0_cols1_rows100.csv 0","Location","0.10"
"file396393_0_cols1_rows100.csv 0","PopulatedPlace","0.10"
"file396393_0_cols1_rows100.csv 0","AmusementParkAttraction","0.26"
"file396393_0_cols1_rows100.csv 0","WrittenWork","0.58"
"file396393_0_cols1_rows100.csv 0","Agent","0.35"
"file396393_0_cols1_rows100.csv 0","Writer","0.09"
"file396393_0_cols1_rows100.csv 0","FictionalCharacter","0.40"
"file396393_0_cols1_rows100.csv 0","MusicalArtist","0.16"
"file396393_0_cols1_rows100.csv 0","ArchitecturalStructure","0.06"
"file396393_0_cols1_rows100.csv 0","Mammal","0.16"
"file396393_0_cols1_rows100.csv 0","Software","0.26"
"file396393_0_cols1_rows100.csv 0","Eukaryote","0.07"
"file396393_0_cols1_rows100.csv 0","Species","0.09"
"file396393_0_cols1_rows100.csv 0","Settlement","0.05"
"file396393_0_cols1_rows100.csv 0","MusicalWork","0.19"
"file409519_0_cols1_rows26.csv 0","NaturalPlace","0.04"
"file409519_0_cols1_rows26.csv 0","EducationalInstitution","0.01"
"file409519_0_cols1_rows26.csv 0","PrimeMinister","0.36"
"file409519_0_cols1_rows26.csv 0","Organisation","0.03"
"file409519_0_cols1_rows26.csv 0","Place","0.08"
"file409519_0_cols1_rows26.csv 0","Person","0.98"
"file409519_0_cols1_rows26.csv 0","School","0.03"
"file409519_0_cols1_rows26.csv 0","Athlete","0.52"
"file409519_0_cols1_rows26.csv 0","OfficeHolder","0.87"
"file409519_0_cols1_rows26.csv 0","Agent","0.97"
"file409519_0_cols1_rows26.csv 0","Politician","0.71"
"file409519_0_cols1_rows26.csv 0","Writer","0.77"
"file139009_11_cols1_rows25.csv 1","Person","0.03"
"file139009_11_cols1_rows25.csv 1","FictionalCharacter","0.22"
"file139009_11_cols1_rows25.csv 1","Work","0.97"
"file139009_11_cols1_rows25.csv 1","Agent","0.01"
"file139009_11_cols1_rows25.csv 1","Disease","0.12"
"file139009_11_cols1_rows25.csv 1","TelevisionEpisode","0.77"
"file109657_6_cols1_rows8.csv 0","TelevisionSeason","0.08"
"file109657_6_cols1_rows8.csv 0","ArchitecturalStructure","0.06"
"file109657_6_cols1_rows8.csv 0","Place","0.21"
"file109657_6_cols1_rows8.csv 0","Person","0.08"
"file109657_6_cols1_rows8.csv 0","MilitaryPerson","0.03"
"file109657_6_cols1_rows8.csv 0","Saint","0.12"
"file109657_6_cols1_rows8.csv 0","Building","0.21"
"file109657_6_cols1_rows8.csv 0","Album","0.57"
"file109657_6_cols1_rows8.csv 0","Work","0.99"
"file109657_6_cols1_rows8.csv 0","Location","0.12"
"file109657_6_cols1_rows8.csv 0","Software","0.65"
"file109657_6_cols1_rows8.csv 0","Cleric","0.13"
"file109657_6_cols1_rows8.csv 0","Agent","0.07"
"file109657_6_cols1_rows8.csv 0","MeanOfTransportation","0.00"
"file109657_6_cols1_rows8.csv 0","MusicalWork","0.38"
"file152457_0_cols1_rows7.csv 1","Agent","0.88"
"file152457_0_cols1_rows7.csv 1","Royalty","1.00"
"file152457_0_cols1_rows7.csv 1","Person","0.99"
"file16426_0_cols1_rows11.csv 0","PopulatedPlace","0.00"
"file16426_0_cols1_rows11.csv 0","SocietalEvent","0.01"
"file16426_0_cols1_rows11.csv 0","MilitaryConflict","0.03"
"file16426_0_cols1_rows11.csv 0","Organisation","0.02"
"file16426_0_cols1_rows11.csv 0","ArchitecturalStructure","0.16"
"file16426_0_cols1_rows11.csv 0","Person","0.27"
"file16426_0_cols1_rows11.csv 0","Event","0.02"
"file16426_0_cols1_rows11.csv 0","Place","0.29"
"file16426_0_cols1_rows11.csv 0","Company","0.02"
"file16426_0_cols1_rows11.csv 0","Weapon","0.96"
"file16426_0_cols1_rows11.csv 0","Building","0.04"
"file16426_0_cols1_rows11.csv 0","Work","0.00"
"file16426_0_cols1_rows11.csv 0","Device","0.13"
"file16426_0_cols1_rows11.csv 0","Agent","0.51"
"file16426_0_cols1_rows11.csv 0","Settlement","0.02"
"file16426_0_cols1_rows11.csv 0","Film","0.00"
"file16426_0_cols1_rows11.csv 0","TelevisionShow","0.02"
"file117573_0_cols1_rows23.csv 1","Band","0.32"
"file117573_0_cols1_rows23.csv 1","SocietalEvent","0.13"
"file117573_0_cols1_rows23.csv 1","Organisation","0.10"
"file117573_0_cols1_rows23.csv 1","Person","0.02"
"file117573_0_cols1_rows23.csv 1","Film","0.27"
"file117573_0_cols1_rows23.csv 1","Event","0.12"
"file117573_0_cols1_rows23.csv 1","SportsTeam","0.04"
"file117573_0_cols1_rows23.csv 1","Book","0.88"
"file117573_0_cols1_rows23.csv 1","MusicalArtist","0.06"
"file117573_0_cols1_rows23.csv 1","FictionalCharacter","0.12"
"file117573_0_cols1_rows23.csv 1","Artist","0.04"
"file117573_0_cols1_rows23.csv 1","WrittenWork","0.89"
"file117573_0_cols1_rows23.csv 1","Work","0.94"
"file117573_0_cols1_rows23.csv 1","Software","0.45"
"file117573_0_cols1_rows23.csv 1","Agent","0.05"
"file117573_0_cols1_rows23.csv 1","Election","0.06"
"file117573_0_cols1_rows23.csv 1","Group","0.18"
"file124163_0_cols1_rows10.csv 0","Person","1.00"
"file124163_0_cols1_rows10.csv 0","PersonFunction","0.75"
"file124163_0_cols1_rows10.csv 0","Work","0.00"
"file124163_0_cols1_rows10.csv 0","Agent","0.98"
"file124163_0_cols1_rows10.csv 0","Film","0.02"
"file141150_4_cols1_rows13.csv 0","Agent","0.99"
"file141150_4_cols1_rows13.csv 0","PersonFunction","0.98"
"file141150_4_cols1_rows13.csv 0","Person","1.00"
"file110816_0_cols1_rows40.csv 0","EducationalInstitution","1.00"
"file110816_0_cols1_rows40.csv 0","Organisation","1.00"
"file110816_0_cols1_rows40.csv 0","Person","0.00"
"file110816_0_cols1_rows40.csv 0","School","0.55"
"file110816_0_cols1_rows40.csv 0","Work","0.08"
"file110816_0_cols1_rows40.csv 0","Athlete","0.00"
"file110816_0_cols1_rows40.csv 0","University","1.00"
"file110816_0_cols1_rows40.csv 0","Agent","0.97"
"file13997_0_cols1_rows20.csv 0","EducationalInstitution","1.00"
"file13997_0_cols1_rows20.csv 0","Organisation","1.00"
"file13997_0_cols1_rows20.csv 0","ArchitecturalStructure","0.02"
"file13997_0_cols1_rows20.csv 0","Person","0.00"
"file13997_0_cols1_rows20.csv 0","Place","0.01"
"file13997_0_cols1_rows20.csv 0","School","0.18"
"file13997_0_cols1_rows20.csv 0","SportsTeam","0.01"
"file13997_0_cols1_rows20.csv 0","Royalty","0.00"
"file13997_0_cols1_rows20.csv 0","Building","0.07"
"file13997_0_cols1_rows20.csv 0","Work","0.00"
"file13997_0_cols1_rows20.csv 0","Location","0.01"
"file13997_0_cols1_rows20.csv 0","University","1.00"
"file13997_0_cols1_rows20.csv 0","Agent","1.00"
"file13997_0_cols1_rows20.csv 0","TelevisionShow","0.00"
"file227142_1_cols1_rows7.csv 1","Work","0.65"
"file227142_1_cols1_rows7.csv 1","Device","0.55"
"file227142_1_cols1_rows7.csv 1","Software","0.96"
"file138978_0_cols1_rows83.csv 1","Person","0.11"
"file138978_0_cols1_rows83.csv 1","Book","0.78"
"file138978_0_cols1_rows83.csv 1","TopicalConcept","0.06"
"file138978_0_cols1_rows83.csv 1","TelevisionShow","0.26"
"file138978_0_cols1_rows83.csv 1","Place","0.03"
"file138978_0_cols1_rows83.csv 1","Event","0.04"
"file138978_0_cols1_rows83.csv 1","Royalty","0.04"
"file138978_0_cols1_rows83.csv 1","Work","0.94"
"file138978_0_cols1_rows83.csv 1","Athlete","0.03"
"file138978_0_cols1_rows83.csv 1","Location","0.08"
"file138978_0_cols1_rows83.csv 1","Group","0.26"
"file138978_0_cols1_rows83.csv 1","Organisation","0.06"
"file138978_0_cols1_rows83.csv 1","WrittenWork","0.78"
"file138978_0_cols1_rows83.csv 1","Agent","0.07"
"file138978_0_cols1_rows83.csv 1","Writer","0.04"
"file138978_0_cols1_rows83.csv 1","SportFacility","0.04"
"file138978_0_cols1_rows83.csv 1","Band","0.23"
"file138978_0_cols1_rows83.csv 1","SocietalEvent","0.04"
"file138978_0_cols1_rows83.csv 1","MilitaryConflict","0.04"
"file138978_0_cols1_rows83.csv 1","ArchitecturalStructure","0.04"
"file138978_0_cols1_rows83.csv 1","SportsTeam","0.05"
"file138978_0_cols1_rows83.csv 1","Film","0.27"
"file220036_5_cols1_rows15.csv 1","Band","0.34"
"file220036_5_cols1_rows15.csv 1","SocietalEvent","0.21"
"file220036_5_cols1_rows15.csv 1","MilitaryConflict","0.24"
"file220036_5_cols1_rows15.csv 1","Organisation","0.09"
"file220036_5_cols1_rows15.csv 1","Person","0.07"
"file220036_5_cols1_rows15.csv 1","Film","0.38"
"file220036_5_cols1_rows15.csv 1","Event","0.19"
"file220036_5_cols1_rows15.csv 1","SportsTeam","0.07"
"file220036_5_cols1_rows15.csv 1","Book","0.81"
"file220036_5_cols1_rows15.csv 1","MusicalArtist","0.09"
"file220036_5_cols1_rows15.csv 1","FictionalCharacter","0.14"
"file220036_5_cols1_rows15.csv 1","Artist","0.06"
"file220036_5_cols1_rows15.csv 1","WrittenWork","0.89"
"file220036_5_cols1_rows15.csv 1","Work","0.93"
"file220036_5_cols1_rows15.csv 1","Software","0.61"
"file220036_5_cols1_rows15.csv 1","Agent","0.08"
"file220036_5_cols1_rows15.csv 1","Election","0.07"
"file220036_5_cols1_rows15.csv 1","Group","0.25"
"file151614_2_cols1_rows105.csv 1","Organisation","0.07"
"file151614_2_cols1_rows105.csv 1","ArchitecturalStructure","0.06"
"file151614_2_cols1_rows105.csv 1","Person","0.11"
"file151614_2_cols1_rows105.csv 1","Place","0.05"
"file151614_2_cols1_rows105.csv 1","Book","0.84"
"file151614_2_cols1_rows105.csv 1","Work","0.96"
"file151614_2_cols1_rows105.csv 1","WrittenWork","0.85"
"file151614_2_cols1_rows105.csv 1","Location","0.14"
"file151614_2_cols1_rows105.csv 1","Agent","0.04"
"file151614_2_cols1_rows105.csv 1","SportFacility","0.03"
"file151614_2_cols1_rows105.csv 1","Film","0.30"
"file151614_2_cols1_rows105.csv 1","TelevisionShow","0.32"
"file107572_0_cols1_rows62.csv 1","Ship","0.05"
"file107572_0_cols1_rows62.csv 1","Song","0.33"
"file107572_0_cols1_rows62.csv 1","Person","0.13"
"file107572_0_cols1_rows62.csv 1","MilitaryPerson","0.04"
"file107572_0_cols1_rows62.csv 1","Single","0.22"
"file107572_0_cols1_rows62.csv 1","Book","0.75"
"file107572_0_cols1_rows62.csv 1","Device","0.06"
"file107572_0_cols1_rows62.csv 1","TopicalConcept","0.07"
"file107572_0_cols1_rows62.csv 1","Cleric","0.08"
"file107572_0_cols1_rows62.csv 1","OfficeHolder","0.05"
"file107572_0_cols1_rows62.csv 1","ComicsCharacter","0.16"
"file107572_0_cols1_rows62.csv 1","MeanOfTransportation","0.06"
"file107572_0_cols1_rows62.csv 1","TelevisionShow","0.30"
"file107572_0_cols1_rows62.csv 1","Place","0.04"
"file107572_0_cols1_rows62.csv 1","Film","0.32"
"file107572_0_cols1_rows62.csv 1","Building","0.08"
"file107572_0_cols1_rows62.csv 1","Album","0.27"
"file107572_0_cols1_rows62.csv 1","Work","0.89"
"file107572_0_cols1_rows62.csv 1","Location","0.08"
"file107572_0_cols1_rows62.csv 1","Group","0.31"
"file107572_0_cols1_rows62.csv 1","PopulatedPlace","0.02"
"file107572_0_cols1_rows62.csv 1","Organisation","0.08"
"file107572_0_cols1_rows62.csv 1","Saint","0.03"
"file107572_0_cols1_rows62.csv 1","WrittenWork","0.71"
"file107572_0_cols1_rows62.csv 1","Agent","0.12"
"file107572_0_cols1_rows62.csv 1","FictionalCharacter","0.24"
"file107572_0_cols1_rows62.csv 1","Band","0.26"
"file107572_0_cols1_rows62.csv 1","ArchitecturalStructure","0.04"
"file107572_0_cols1_rows62.csv 1","Species","0.05"
"file107572_0_cols1_rows62.csv 1","Eukaryote","0.06"
"file107572_0_cols1_rows62.csv 1","Settlement","0.02"
"file107572_0_cols1_rows62.csv 1","MusicalWork","0.23"
"file118301_29_cols1_rows26.csv 0","Band","0.19"
"file118301_29_cols1_rows26.csv 0","PopulatedPlace","0.23"
"file118301_29_cols1_rows26.csv 0","Organisation","0.26"
"file118301_29_cols1_rows26.csv 0","ArchitecturalStructure","0.15"
"file118301_29_cols1_rows26.csv 0","Place","0.28"
"file118301_29_cols1_rows26.csv 0","Company","0.35"
"file118301_29_cols1_rows26.csv 0","PeriodicalLiterature","0.89"
"file118301_29_cols1_rows26.csv 0","Building","0.14"
"file118301_29_cols1_rows26.csv 0","EthnicGroup","0.27"
"file118301_29_cols1_rows26.csv 0","Work","0.84"
"file118301_29_cols1_rows26.csv 0","WrittenWork","0.84"
"file118301_29_cols1_rows26.csv 0","Newspaper","0.88"
"file118301_29_cols1_rows26.csv 0","Location","0.24"
"file118301_29_cols1_rows26.csv 0","Agent","0.22"
"file118301_29_cols1_rows26.csv 0","Settlement","0.27"
"file118301_29_cols1_rows26.csv 0","Country","0.35"
"file118301_29_cols1_rows26.csv 0","Group","0.21"
"file144332_0_cols1_rows14.csv 0","Band","0.41"
"file144332_0_cols1_rows14.csv 0","PopulatedPlace","0.04"
"file144332_0_cols1_rows14.csv 0","Organisation","0.14"
"file144332_0_cols1_rows14.csv 0","Place","0.06"
"file144332_0_cols1_rows14.csv 0","Person","0.04"
"file144332_0_cols1_rows14.csv 0","Film","0.86"
"file144332_0_cols1_rows14.csv 0","Royalty","0.06"
"file144332_0_cols1_rows14.csv 0","MusicalArtist","0.12"
"file144332_0_cols1_rows14.csv 0","Artist","0.04"
"file144332_0_cols1_rows14.csv 0","Work","1.00"
"file144332_0_cols1_rows14.csv 0","Location","0.11"
"file144332_0_cols1_rows14.csv 0","VideoGame","0.43"
"file144332_0_cols1_rows14.csv 0","Software","0.57"
"file144332_0_cols1_rows14.csv 0","Agent","0.08"
"file144332_0_cols1_rows14.csv 0","FictionalCharacter","0.14"
"file144332_0_cols1_rows14.csv 0","Country","0.09"
"file144332_0_cols1_rows14.csv 0","Group","0.54"
"file138986_23_cols1_rows17.csv 0","PopulatedPlace","0.11"
"file138986_23_cols1_rows17.csv 0","Broadcaster","0.24"
"file138986_23_cols1_rows17.csv 0","Place","0.09"
"file138986_23_cols1_rows17.csv 0","Organisation","0.16"
"file138986_23_cols1_rows17.csv 0","Person","0.15"
"file138986_23_cols1_rows17.csv 0","Company","0.25"
"file138986_23_cols1_rows17.csv 0","PeriodicalLiterature","0.94"
"file138986_23_cols1_rows17.csv 0","Royalty","0.08"
"file138986_23_cols1_rows17.csv 0","PoliticalParty","0.08"
"file138986_23_cols1_rows17.csv 0","Work","0.87"
"file138986_23_cols1_rows17.csv 0","WrittenWork","0.88"
"file138986_23_cols1_rows17.csv 0","Newspaper","0.93"
"file138986_23_cols1_rows17.csv 0","Location","0.13"
"file138986_23_cols1_rows17.csv 0","Agent","0.20"
"file138986_23_cols1_rows17.csv 0","Settlement","0.10"
"file138986_23_cols1_rows17.csv 0","Magazine","0.57"
"file138986_23_cols1_rows17.csv 0","BroadcastNetwork","0.23"
"file223755_0_cols1_rows27.csv 0","Work","1.00"
"file223755_0_cols1_rows27.csv 0","Film","0.70"
"file223755_0_cols1_rows27.csv 0","MusicalWork","0.17"
"file223755_0_cols1_rows27.csv 0","Album","0.11"
"file39042_0_cols1_rows6.csv 0","Organisation","0.03"
"file39042_0_cols1_rows6.csv 0","Company","0.16"
"file39042_0_cols1_rows6.csv 0","Automobile","0.99"
"file39042_0_cols1_rows6.csv 0","Work","0.14"
"file39042_0_cols1_rows6.csv 0","Software","0.32"
"file39042_0_cols1_rows6.csv 0","Agent","0.27"
"file39042_0_cols1_rows6.csv 0","MeanOfTransportation","0.92"
"file39042_0_cols1_rows6.csv 0","Broadcaster","0.01"
"file39042_0_cols1_rows6.csv 0","TelevisionShow","0.16"
"file124163_4_cols1_rows13.csv 0","Agent","0.99"
"file124163_4_cols1_rows13.csv 0","PersonFunction","0.98"
"file124163_4_cols1_rows13.csv 0","Person","1.00"
"file402430_0_cols1_rows9.csv 1","Person","0.91"
"file402430_0_cols1_rows9.csv 1","Book","0.46"
"file402430_0_cols1_rows9.csv 1","Work","0.21"
"file402430_0_cols1_rows9.csv 1","WrittenWork","0.09"
"file402430_0_cols1_rows9.csv 1","OfficeHolder","0.98"
"file402430_0_cols1_rows9.csv 1","Agent","0.88"
"file115820_0_cols1_rows9.csv 1","Person","0.91"
"file115820_0_cols1_rows9.csv 1","Book","0.46"
"file115820_0_cols1_rows9.csv 1","Work","0.21"
"file115820_0_cols1_rows9.csv 1","WrittenWork","0.09"
"file115820_0_cols1_rows9.csv 1","OfficeHolder","0.98"
"file115820_0_cols1_rows9.csv 1","Agent","0.88"
"file139009_10_cols1_rows25.csv 1","Play","0.20"
"file139009_10_cols1_rows25.csv 1","Person","0.03"
"file139009_10_cols1_rows25.csv 1","FictionalCharacter","0.24"
"file139009_10_cols1_rows25.csv 1","Work","0.91"
"file139009_10_cols1_rows25.csv 1","WrittenWork","0.21"
"file139009_10_cols1_rows25.csv 1","Agent","0.04"
"file139009_10_cols1_rows25.csv 1","Disease","0.12"
"file139009_10_cols1_rows25.csv 1","TelevisionEpisode","0.77"
"file139009_10_cols1_rows25.csv 1","Film","0.16"
"file404549_0_cols1_rows20.csv 0","Place","1.00"
"file404549_0_cols1_rows20.csv 0","Location","1.00"
"file404549_0_cols1_rows20.csv 0","ProtectedArea","1.00"
"file167874_0_cols1_rows11.csv 0","PopulatedPlace","0.01"
"file167874_0_cols1_rows11.csv 0","Organisation","0.09"
"file167874_0_cols1_rows11.csv 0","ArchitecturalStructure","0.12"
"file167874_0_cols1_rows11.csv 0","Person","1.00"
"file167874_0_cols1_rows11.csv 0","Place","0.15"
"file167874_0_cols1_rows11.csv 0","President","0.23"
"file167874_0_cols1_rows11.csv 0","Agent","1.00"
"file167874_0_cols1_rows11.csv 0","Location","0.14"
"file167874_0_cols1_rows11.csv 0","OfficeHolder","0.92"
"file167874_0_cols1_rows11.csv 0","Infrastructure","0.03"
"file167874_0_cols1_rows11.csv 0","Politician","0.80"
"file167874_0_cols1_rows11.csv 0","Broadcaster","0.00"
"file167874_0_cols1_rows11.csv 0","Airport","0.02"
"file155305_0_cols1_rows17.csv 0","Band","0.54"
"file155305_0_cols1_rows17.csv 0","SocietalEvent","0.17"
"file155305_0_cols1_rows17.csv 0","PopulatedPlace","0.40"
"file155305_0_cols1_rows17.csv 0","Organisation","0.96"
"file155305_0_cols1_rows17.csv 0","MilitaryConflict","0.26"
"file155305_0_cols1_rows17.csv 0","Place","0.60"
"file155305_0_cols1_rows17.csv 0","Event","0.19"
"file155305_0_cols1_rows17.csv 0","Book","0.22"
"file155305_0_cols1_rows17.csv 0","PoliticalParty","0.34"
"file155305_0_cols1_rows17.csv 0","Work","0.08"
"file155305_0_cols1_rows17.csv 0","WrittenWork","0.09"
"file155305_0_cols1_rows17.csv 0","Location","0.58"
"file155305_0_cols1_rows17.csv 0","Agent","0.87"
"file155305_0_cols1_rows17.csv 0","Country","0.80"
"file155305_0_cols1_rows17.csv 0","Group","0.05"
"file155305_0_cols1_rows17.csv 0","TelevisionShow","0.29"
"file21126_1_cols1_rows86.csv 0","Person","0.23"
"file21126_1_cols1_rows86.csv 0","President","0.19"
"file21126_1_cols1_rows86.csv 0","MilitaryPerson","0.21"
"file21126_1_cols1_rows86.csv 0","OfficeHolder","0.24"
"file21126_1_cols1_rows86.csv 0","Place","0.18"
"file21126_1_cols1_rows86.csv 0","Company","0.20"
"file21126_1_cols1_rows86.csv 0","Animal","0.77"
"file21126_1_cols1_rows86.csv 0","Location","0.28"
"file21126_1_cols1_rows86.csv 0","Scientist","0.22"
"file21126_1_cols1_rows86.csv 0","Politician","0.20"
"file21126_1_cols1_rows86.csv 0","Group","0.48"
"file21126_1_cols1_rows86.csv 0","PopulatedPlace","0.12"
"file21126_1_cols1_rows86.csv 0","Organisation","0.21"
"file21126_1_cols1_rows86.csv 0","Agent","0.34"
"file21126_1_cols1_rows86.csv 0","Band","0.43"
"file21126_1_cols1_rows86.csv 0","Town","0.13"
"file21126_1_cols1_rows86.csv 0","Bird","0.99"
"file21126_1_cols1_rows86.csv 0","Eukaryote","0.78"
"file21126_1_cols1_rows86.csv 0","Species","0.84"
"file21126_1_cols1_rows86.csv 0","Settlement","0.22"
"file132415_0_cols1_rows465.csv 1","Band","0.13"
"file132415_0_cols1_rows465.csv 1","Group","0.25"
"file132415_0_cols1_rows465.csv 1","Organisation","0.05"
"file132415_0_cols1_rows465.csv 1","Person","0.97"
"file132415_0_cols1_rows465.csv 1","MemberOfParliament","0.84"
"file132415_0_cols1_rows465.csv 1","Artist","0.76"
"file132415_0_cols1_rows465.csv 1","Work","0.07"
"file132415_0_cols1_rows465.csv 1","Scientist","0.84"
"file132415_0_cols1_rows465.csv 1","OfficeHolder","0.84"
"file132415_0_cols1_rows465.csv 1","Agent","0.96"
"file132415_0_cols1_rows465.csv 1","Politician","0.81"
"file132415_0_cols1_rows465.csv 1","Film","0.15"
"file132415_0_cols1_rows465.csv 1","MusicalArtist","0.85"
"file134400_0_cols1_rows22.csv 1","Band","0.35"
"file134400_0_cols1_rows22.csv 1","PopulatedPlace","0.02"
"file134400_0_cols1_rows22.csv 1","SocietalEvent","0.11"
"file134400_0_cols1_rows22.csv 1","Organisation","0.13"
"file134400_0_cols1_rows22.csv 1","Place","0.14"
"file134400_0_cols1_rows22.csv 1","Person","0.03"
"file134400_0_cols1_rows22.csv 1","Event","0.07"
"file134400_0_cols1_rows22.csv 1","Book","0.86"
"file134400_0_cols1_rows22.csv 1","MusicalArtist","0.12"
"file134400_0_cols1_rows22.csv 1","Artist","0.02"
"file134400_0_cols1_rows22.csv 1","WrittenWork","0.92"
"file134400_0_cols1_rows22.csv 1","Work","0.89"
"file134400_0_cols1_rows22.csv 1","Location","0.05"
"file134400_0_cols1_rows22.csv 1","Agent","0.08"
"file134400_0_cols1_rows22.csv 1","Settlement","0.03"
"file134400_0_cols1_rows22.csv 1","Election","0.07"
"file134400_0_cols1_rows22.csv 1","Group","0.34"
"file145174_0_cols1_rows21.csv 0","ArchitecturalStructure","0.11"
"file145174_0_cols1_rows21.csv 0","Place","0.14"
"file145174_0_cols1_rows21.csv 0","Work","0.90"
"file145174_0_cols1_rows21.csv 0","Location","0.18"
"file145174_0_cols1_rows21.csv 0","Agent","0.35"
"file145174_0_cols1_rows21.csv 0","SportFacility","0.15"
"file145174_0_cols1_rows21.csv 0","Film","0.67"
"file145174_0_cols1_rows21.csv 0","TelevisionShow","0.42"
"file118488_0_cols1_rows81.csv 0","NaturalPlace","0.09"
"file118488_0_cols1_rows81.csv 0","EducationalInstitution","0.03"
"file118488_0_cols1_rows81.csv 0","Place","0.10"
"file118488_0_cols1_rows81.csv 0","Organisation","0.04"
"file118488_0_cols1_rows81.csv 0","Person","0.99"
"file118488_0_cols1_rows81.csv 0","MilitaryPerson","0.77"
"file118488_0_cols1_rows81.csv 0","Book","0.10"
"file118488_0_cols1_rows81.csv 0","Economist","0.87"
"file118488_0_cols1_rows81.csv 0","Work","0.02"
"file118488_0_cols1_rows81.csv 0","Artist","0.81"
"file118488_0_cols1_rows81.csv 0","Scientist","0.88"
"file118488_0_cols1_rows81.csv 0","University","0.06"
"file118488_0_cols1_rows81.csv 0","WrittenWork","0.03"
"file118488_0_cols1_rows81.csv 0","OfficeHolder","0.86"
"file118488_0_cols1_rows81.csv 0","Agent","0.98"
"file118488_0_cols1_rows81.csv 0","Politician","0.85"
"file118488_0_cols1_rows81.csv 0","MusicalArtist","0.78"
"file119797_0_cols1_rows39.csv 0","College","0.47"
"file119797_0_cols1_rows39.csv 0","Person","0.00"
"file119797_0_cols1_rows39.csv 0","University","1.00"
"file119797_0_cols1_rows39.csv 0","Cleric","0.01"
"file119797_0_cols1_rows39.csv 0","Place","0.01"
"file119797_0_cols1_rows39.csv 0","City","0.00"
"file119797_0_cols1_rows39.csv 0","Royalty","0.00"
"file119797_0_cols1_rows39.csv 0","Building","0.19"
"file119797_0_cols1_rows39.csv 0","Location","0.01"
"file119797_0_cols1_rows39.csv 0","PopulatedPlace","0.00"
"file119797_0_cols1_rows39.csv 0","Organisation","0.99"
"file119797_0_cols1_rows39.csv 0","Saint","0.00"
"file119797_0_cols1_rows39.csv 0","Agent","0.99"
"file119797_0_cols1_rows39.csv 0","EducationalInstitution","1.00"
"file119797_0_cols1_rows39.csv 0","ArchitecturalStructure","0.05"
"file119797_0_cols1_rows39.csv 0","School","0.68"
"file119797_0_cols1_rows39.csv 0","Town","0.00"
"file119797_0_cols1_rows39.csv 0","Settlement","0.00"
"file145174_1_cols1_rows37.csv 0","Song","0.34"
"file145174_1_cols1_rows37.csv 0","Person","0.25"
"file145174_1_cols1_rows37.csv 0","Single","0.20"
"file145174_1_cols1_rows37.csv 0","Artist","0.31"
"file145174_1_cols1_rows37.csv 0","Disease","0.05"
"file145174_1_cols1_rows37.csv 0","TelevisionShow","0.29"
"file145174_1_cols1_rows37.csv 0","NaturalPlace","0.06"
"file145174_1_cols1_rows37.csv 0","Place","0.08"
"file145174_1_cols1_rows37.csv 0","Film","0.75"
"file145174_1_cols1_rows37.csv 0","City","0.09"
"file145174_1_cols1_rows37.csv 0","Event","0.02"
"file145174_1_cols1_rows37.csv 0","Album","0.22"
"file145174_1_cols1_rows37.csv 0","Work","0.89"
"file145174_1_cols1_rows37.csv 0","Location","0.14"
"file145174_1_cols1_rows37.csv 0","PopulatedPlace","0.06"
"file145174_1_cols1_rows37.csv 0","Organisation","0.06"
"file145174_1_cols1_rows37.csv 0","PoliticalParty","0.03"
"file145174_1_cols1_rows37.csv 0","Agent","0.28"
"file145174_1_cols1_rows37.csv 0","SportFacility","0.06"
"file145174_1_cols1_rows37.csv 0","MusicalArtist","0.35"
"file145174_1_cols1_rows37.csv 0","SocietalEvent","0.05"
"file145174_1_cols1_rows37.csv 0","MilitaryConflict","0.05"
"file145174_1_cols1_rows37.csv 0","ArchitecturalStructure","0.06"
"file145174_1_cols1_rows37.csv 0","MusicalWork","0.23"
"file145174_1_cols1_rows37.csv 0","Settlement","0.07"
"file145174_1_cols1_rows37.csv 0","Country","0.06"
"file239528_0_cols1_rows39.csv 0","Ship","0.39"
"file239528_0_cols1_rows39.csv 0","Person","0.30"
"file239528_0_cols1_rows39.csv 0","President","0.17"
"file239528_0_cols1_rows39.csv 0","OfficeHolder","0.21"
"file239528_0_cols1_rows39.csv 0","MeanOfTransportation","0.39"
"file239528_0_cols1_rows39.csv 0","Place","0.20"
"file239528_0_cols1_rows39.csv 0","Company","0.22"
"file239528_0_cols1_rows39.csv 0","Animal","0.93"
"file239528_0_cols1_rows39.csv 0","Location","0.29"
"file239528_0_cols1_rows39.csv 0","Politician","0.20"
"file239528_0_cols1_rows39.csv 0","Group","0.54"
"file239528_0_cols1_rows39.csv 0","PopulatedPlace","0.15"
"file239528_0_cols1_rows39.csv 0","Organisation","0.19"
"file239528_0_cols1_rows39.csv 0","Agent","0.35"
"file239528_0_cols1_rows39.csv 0","Band","0.36"
"file239528_0_cols1_rows39.csv 0","Town","0.19"
"file239528_0_cols1_rows39.csv 0","Bird","0.98"
"file239528_0_cols1_rows39.csv 0","Eukaryote","0.91"
"file239528_0_cols1_rows39.csv 0","Species","0.88"
"file239528_0_cols1_rows39.csv 0","Settlement","0.32"
"file132514_0_cols1_rows17.csv 0","Person","0.19"
"file132514_0_cols1_rows17.csv 0","Book","0.56"
"file132514_0_cols1_rows17.csv 0","VideoGame","0.17"
"file132514_0_cols1_rows17.csv 0","Place","0.03"
"file132514_0_cols1_rows17.csv 0","Film","0.55"
"file132514_0_cols1_rows17.csv 0","Event","0.03"
"file132514_0_cols1_rows17.csv 0","Royalty","0.03"
"file132514_0_cols1_rows17.csv 0","Album","0.25"
"file132514_0_cols1_rows17.csv 0","Work","0.91"
"file132514_0_cols1_rows17.csv 0","Animal","0.02"
"file132514_0_cols1_rows17.csv 0","Location","0.02"
"file132514_0_cols1_rows17.csv 0","TelevisionEpisode","0.50"
"file132514_0_cols1_rows17.csv 0","Organisation","0.10"
"file132514_0_cols1_rows17.csv 0","PeriodicalLiterature","0.11"
"file132514_0_cols1_rows17.csv 0","WrittenWork","0.51"
"file132514_0_cols1_rows17.csv 0","Agent","0.11"
"file132514_0_cols1_rows17.csv 0","Writer","0.16"
"file132514_0_cols1_rows17.csv 0","SocietalEvent","0.08"
"file132514_0_cols1_rows17.csv 0","MilitaryConflict","0.06"
"file132514_0_cols1_rows17.csv 0","SportsTeam","0.08"
"file132514_0_cols1_rows17.csv 0","Mammal","0.14"
"file132514_0_cols1_rows17.csv 0","Software","0.26"
"file132514_0_cols1_rows17.csv 0","Eukaryote","0.02"
"file132514_0_cols1_rows17.csv 0","Species","0.01"
"file132514_0_cols1_rows17.csv 0","Magazine","0.15"
"file132514_0_cols1_rows17.csv 0","MusicalWork","0.29"
"file123945_0_cols1_rows17.csv 0","Person","0.19"
"file123945_0_cols1_rows17.csv 0","Book","0.56"
"file123945_0_cols1_rows17.csv 0","VideoGame","0.17"
"file123945_0_cols1_rows17.csv 0","Place","0.03"
"file123945_0_cols1_rows17.csv 0","Film","0.55"
"file123945_0_cols1_rows17.csv 0","Event","0.03"
"file123945_0_cols1_rows17.csv 0","Royalty","0.03"
"file123945_0_cols1_rows17.csv 0","Album","0.25"
"file123945_0_cols1_rows17.csv 0","Work","0.91"
"file123945_0_cols1_rows17.csv 0","Animal","0.02"
"file123945_0_cols1_rows17.csv 0","Location","0.02"
"file123945_0_cols1_rows17.csv 0","TelevisionEpisode","0.50"
"file123945_0_cols1_rows17.csv 0","Organisation","0.10"
"file123945_0_cols1_rows17.csv 0","PeriodicalLiterature","0.11"
"file123945_0_cols1_rows17.csv 0","WrittenWork","0.51"
"file123945_0_cols1_rows17.csv 0","Agent","0.11"
"file123945_0_cols1_rows17.csv 0","Writer","0.16"
"file123945_0_cols1_rows17.csv 0","SocietalEvent","0.08"
"file123945_0_cols1_rows17.csv 0","MilitaryConflict","0.06"
"file123945_0_cols1_rows17.csv 0","SportsTeam","0.08"
"file123945_0_cols1_rows17.csv 0","Mammal","0.14"
"file123945_0_cols1_rows17.csv 0","Software","0.26"
"file123945_0_cols1_rows17.csv 0","Eukaryote","0.02"
"file123945_0_cols1_rows17.csv 0","Species","0.01"
"file123945_0_cols1_rows17.csv 0","Magazine","0.15"
"file123945_0_cols1_rows17.csv 0","MusicalWork","0.29"
"file136273_4_cols1_rows7.csv 1","Band","0.31"
"file136273_4_cols1_rows7.csv 1","PopulatedPlace","0.22"
"file136273_4_cols1_rows7.csv 1","Organisation","0.17"
"file136273_4_cols1_rows7.csv 1","Place","0.19"
"file136273_4_cols1_rows7.csv 1","Person","0.08"
"file136273_4_cols1_rows7.csv 1","Film","0.25"
"file136273_4_cols1_rows7.csv 1","Book","0.70"
"file136273_4_cols1_rows7.csv 1","MusicalArtist","0.24"
"file136273_4_cols1_rows7.csv 1","Artist","0.23"
"file136273_4_cols1_rows7.csv 1","WrittenWork","0.83"
"file136273_4_cols1_rows7.csv 1","Work","0.60"
"file136273_4_cols1_rows7.csv 1","Agent","0.27"
"file136273_4_cols1_rows7.csv 1","Settlement","0.23"
"file136273_4_cols1_rows7.csv 1","Country","0.31"
"file136273_4_cols1_rows7.csv 1","Group","0.30"
"file137293_0_cols1_rows6.csv 1","Agent","0.88"
"file137293_0_cols1_rows6.csv 1","Royalty","1.00"
"file137293_0_cols1_rows6.csv 1","Person","0.99"
"file160562_0_cols1_rows11.csv 0","SocietalEvent","0.59"
"file160562_0_cols1_rows11.csv 0","PopulatedPlace","0.89"
"file160562_0_cols1_rows11.csv 0","MilitaryConflict","0.45"
"file160562_0_cols1_rows11.csv 0","Place","0.86"
"file160562_0_cols1_rows11.csv 0","ArchitecturalStructure","0.59"
"file160562_0_cols1_rows11.csv 0","Event","0.27"
"file160562_0_cols1_rows11.csv 0","Settlement","0.83"
"file222751_0_cols1_rows13.csv 0","Person","0.91"
"file222751_0_cols1_rows13.csv 0","Film","0.18"
"file222751_0_cols1_rows13.csv 0","PersonFunction","0.65"
"file222751_0_cols1_rows13.csv 0","Album","0.08"
"file222751_0_cols1_rows13.csv 0","Work","0.07"
"file222751_0_cols1_rows13.csv 0","Athlete","0.73"
"file222751_0_cols1_rows13.csv 0","Agent","0.86"
"file222751_0_cols1_rows13.csv 0","MusicalWork","0.09"
"file222751_0_cols1_rows13.csv 0","TelevisionShow","0.13"
"file380717_0_cols1_rows8.csv 0","PopulatedPlace","0.79"
"file380717_0_cols1_rows8.csv 0","Organisation","1.00"
"file380717_0_cols1_rows8.csv 0","Place","0.73"
"file380717_0_cols1_rows8.csv 0","Book","0.02"
"file380717_0_cols1_rows8.csv 0","Work","0.01"
"file380717_0_cols1_rows8.csv 0","WrittenWork","0.01"
"file380717_0_cols1_rows8.csv 0","Location","0.66"
"file380717_0_cols1_rows8.csv 0","Agent","0.94"
"file380717_0_cols1_rows8.csv 0","Country","0.88"
"file221797_1_cols1_rows39.csv 0","Band","0.36"
"file221797_1_cols1_rows39.csv 0","PopulatedPlace","0.13"
"file221797_1_cols1_rows39.csv 0","Settlement","0.27"
"file221797_1_cols1_rows39.csv 0","Organisation","0.16"
"file221797_1_cols1_rows39.csv 0","Place","0.18"
"file221797_1_cols1_rows39.csv 0","Person","0.24"
"file221797_1_cols1_rows39.csv 0","Company","0.19"
"file221797_1_cols1_rows39.csv 0","President","0.13"
"file221797_1_cols1_rows39.csv 0","Town","0.16"
"file221797_1_cols1_rows39.csv 0","Animal","0.89"
"file221797_1_cols1_rows39.csv 0","Bird","0.98"
"file221797_1_cols1_rows39.csv 0","Eukaryote","0.90"
"file221797_1_cols1_rows39.csv 0","OfficeHolder","0.18"
"file221797_1_cols1_rows39.csv 0","Agent","0.30"
"file221797_1_cols1_rows39.csv 0","Politician","0.14"
"file221797_1_cols1_rows39.csv 0","Location","0.27"
"file221797_1_cols1_rows39.csv 0","Species","0.83"
"file221797_1_cols1_rows39.csv 0","Group","0.52"
"file114818_0_cols1_rows22.csv 0","EducationalInstitution","1.00"
"file114818_0_cols1_rows22.csv 0","Organisation","1.00"
"file114818_0_cols1_rows22.csv 0","Person","0.00"
"file114818_0_cols1_rows22.csv 0","SportsTeam","0.01"
"file114818_0_cols1_rows22.csv 0","Royalty","0.00"
"file114818_0_cols1_rows22.csv 0","University","1.00"
"file114818_0_cols1_rows22.csv 0","Agent","0.99"
"file139009_9_cols1_rows21.csv 1","Place","0.00"
"file139009_9_cols1_rows21.csv 1","Organisation","0.01"
"file139009_9_cols1_rows21.csv 1","Person","0.04"
"file139009_9_cols1_rows21.csv 1","Film","0.22"
"file139009_9_cols1_rows21.csv 1","Album","0.20"
"file139009_9_cols1_rows21.csv 1","FictionalCharacter","0.21"
"file139009_9_cols1_rows21.csv 1","EthnicGroup","0.00"
"file139009_9_cols1_rows21.csv 1","Work","0.92"
"file139009_9_cols1_rows21.csv 1","Agent","0.01"
"file139009_9_cols1_rows21.csv 1","TelevisionEpisode","0.76"
"file139009_9_cols1_rows21.csv 1","MusicalWork","0.17"
"file161987_1_cols1_rows11.csv 0","PopulatedPlace","0.86"
"file161987_1_cols1_rows11.csv 0","SocietalEvent","0.40"
"file161987_1_cols1_rows11.csv 0","Organisation","0.88"
"file161987_1_cols1_rows11.csv 0","MilitaryConflict","0.34"
"file161987_1_cols1_rows11.csv 0","Person","0.34"
"file161987_1_cols1_rows11.csv 0","Place","0.82"
"file161987_1_cols1_rows11.csv 0","Event","0.22"
"file161987_1_cols1_rows11.csv 0","MilitaryPerson","0.31"
"file161987_1_cols1_rows11.csv 0","PoliticalParty","0.51"
"file161987_1_cols1_rows11.csv 0","Location","0.83"
"file161987_1_cols1_rows11.csv 0","Agent","0.82"
"file161987_1_cols1_rows11.csv 0","Country","0.65"
"file276042_0_cols1_rows76.csv 0","Person","0.46"
"file276042_0_cols1_rows76.csv 0","Book","0.50"
"file276042_0_cols1_rows76.csv 0","Artist","0.26"
"file276042_0_cols1_rows76.csv 0","Device","0.11"
"file276042_0_cols1_rows76.csv 0","ComicsCharacter","0.32"
"file276042_0_cols1_rows76.csv 0","MeanOfTransportation","0.16"
"file276042_0_cols1_rows76.csv 0","TelevisionShow","0.26"
"file276042_0_cols1_rows76.csv 0","Place","0.14"
"file276042_0_cols1_rows76.csv 0","Film","0.45"
"file276042_0_cols1_rows76.csv 0","Company","0.24"
"file276042_0_cols1_rows76.csv 0","Royalty","0.07"
"file276042_0_cols1_rows76.csv 0","Work","0.62"
"file276042_0_cols1_rows76.csv 0","Animal","0.20"
"file276042_0_cols1_rows76.csv 0","Location","0.15"
"file276042_0_cols1_rows76.csv 0","Group","0.36"
"file276042_0_cols1_rows76.csv 0","PopulatedPlace","0.13"
"file276042_0_cols1_rows76.csv 0","Organisation","0.12"
"file276042_0_cols1_rows76.csv 0","Weapon","0.21"
"file276042_0_cols1_rows76.csv 0","AmusementParkAttraction","0.24"
"file276042_0_cols1_rows76.csv 0","WrittenWork","0.50"
"file276042_0_cols1_rows76.csv 0","Agent","0.51"
"file276042_0_cols1_rows76.csv 0","Writer","0.17"
"file276042_0_cols1_rows76.csv 0","FictionalCharacter","0.44"
"file276042_0_cols1_rows76.csv 0","SportFacility","0.08"
"file276042_0_cols1_rows76.csv 0","MusicalArtist","0.26"
"file276042_0_cols1_rows76.csv 0","Band","0.21"
"file276042_0_cols1_rows76.csv 0","ArchitecturalStructure","0.12"
"file276042_0_cols1_rows76.csv 0","Mammal","0.33"
"file276042_0_cols1_rows76.csv 0","Species","0.20"
"file276042_0_cols1_rows76.csv 0","Eukaryote","0.18"
"file276042_0_cols1_rows76.csv 0","Settlement","0.09"
"file276042_0_cols1_rows76.csv 0","MusicalWork","0.13"
"file544011_0_cols1_rows15.csv 0","PopulatedPlace","0.49"
"file544011_0_cols1_rows15.csv 0","Organisation","1.00"
"file544011_0_cols1_rows15.csv 0","Place","0.48"
"file544011_0_cols1_rows15.csv 0","Book","0.03"
"file544011_0_cols1_rows15.csv 0","Work","0.00"
"file544011_0_cols1_rows15.csv 0","WrittenWork","0.00"
"file544011_0_cols1_rows15.csv 0","Location","0.55"
"file544011_0_cols1_rows15.csv 0","Agent","0.99"
"file544011_0_cols1_rows15.csv 0","Country","0.79"
"file391005_0_cols1_rows9.csv 0","Place","1.00"
"file391005_0_cols1_rows9.csv 0","Person","0.00"
"file391005_0_cols1_rows9.csv 0","Location","1.00"
"file391005_0_cols1_rows9.csv 0","ProtectedArea","1.00"
"file391005_0_cols1_rows9.csv 0","Agent","0.00"
"file64428_2_cols1_rows18.csv 0","PopulatedPlace","0.00"
"file64428_2_cols1_rows18.csv 0","Organisation","0.02"
"file64428_2_cols1_rows18.csv 0","ArchitecturalStructure","0.09"
"file64428_2_cols1_rows18.csv 0","Person","0.19"
"file64428_2_cols1_rows18.csv 0","Place","0.30"
"file64428_2_cols1_rows18.csv 0","Company","0.02"
"file64428_2_cols1_rows18.csv 0","Film","0.01"
"file64428_2_cols1_rows18.csv 0","Weapon","0.96"
"file64428_2_cols1_rows18.csv 0","Agent","0.35"
"file64428_2_cols1_rows18.csv 0","Work","0.00"
"file64428_2_cols1_rows18.csv 0","Device","0.17"
"file64428_2_cols1_rows18.csv 0","Location","0.05"
"file64428_2_cols1_rows18.csv 0","Infrastructure","0.01"
"file64428_2_cols1_rows18.csv 0","Settlement","0.02"
"file64428_2_cols1_rows18.csv 0","Airport","0.01"
"file64428_2_cols1_rows18.csv 0","TelevisionShow","0.02"
"file132423_0_cols1_rows40.csv 0","EducationalInstitution","1.00"
"file132423_0_cols1_rows40.csv 0","Organisation","1.00"
"file132423_0_cols1_rows40.csv 0","SportsTeam","0.01"
"file132423_0_cols1_rows40.csv 0","University","1.00"
"file132423_0_cols1_rows40.csv 0","Agent","0.99"
"file137959_0_cols1_rows19.csv 1","Band","0.15"
"file137959_0_cols1_rows19.csv 1","Organisation","0.10"
"file137959_0_cols1_rows19.csv 1","Person","0.02"
"file137959_0_cols1_rows19.csv 1","SportsTeam","0.04"
"file137959_0_cols1_rows19.csv 1","Book","0.76"
"file137959_0_cols1_rows19.csv 1","MusicalArtist","0.02"
"file137959_0_cols1_rows19.csv 1","Artist","0.01"
"file137959_0_cols1_rows19.csv 1","WrittenWork","0.82"
"file137959_0_cols1_rows19.csv 1","Work","0.93"
"file137959_0_cols1_rows19.csv 1","Agent","0.02"
"file137959_0_cols1_rows19.csv 1","FictionalCharacter","0.06"
"file137959_0_cols1_rows19.csv 1","Film","0.21"
"file137959_0_cols1_rows19.csv 1","Group","0.09"
"file275565_0_cols1_rows40.csv 0","EducationalInstitution","1.00"
"file275565_0_cols1_rows40.csv 0","Organisation","1.00"
"file275565_0_cols1_rows40.csv 0","SportsTeam","0.01"
"file275565_0_cols1_rows40.csv 0","University","1.00"
"file275565_0_cols1_rows40.csv 0","Agent","0.99"
"file136273_3_cols1_rows11.csv 1","Organisation","0.08"
"file136273_3_cols1_rows11.csv 1","Person","0.06"
"file136273_3_cols1_rows11.csv 1","SportsTeam","0.10"
"file136273_3_cols1_rows11.csv 1","Book","0.62"
"file136273_3_cols1_rows11.csv 1","Work","0.97"
"file136273_3_cols1_rows11.csv 1","WrittenWork","0.79"
"file136273_3_cols1_rows11.csv 1","Agent","0.01"
"file136273_3_cols1_rows11.csv 1","FictionalCharacter","0.08"
"file543986_3_cols1_rows100.csv 0","Person","0.03"
"file543986_3_cols1_rows100.csv 0","Book","0.23"
"file543986_3_cols1_rows100.csv 0","Artist","0.01"
"file543986_3_cols1_rows100.csv 0","University","0.03"
"file543986_3_cols1_rows100.csv 0","ComicsCharacter","0.06"
"file543986_3_cols1_rows100.csv 0","Place","0.08"
"file543986_3_cols1_rows100.csv 0","City","0.04"
"file543986_3_cols1_rows100.csv 0","Company","0.26"
"file543986_3_cols1_rows100.csv 0","Royalty","0.02"
"file543986_3_cols1_rows100.csv 0","Building","0.13"
"file543986_3_cols1_rows100.csv 0","Work","0.93"
"file543986_3_cols1_rows100.csv 0","Newspaper","0.98"
"file543986_3_cols1_rows100.csv 0","Location","0.15"
"file543986_3_cols1_rows100.csv 0","PopulatedPlace","0.01"
"file543986_3_cols1_rows100.csv 0","Organisation","0.24"
"file543986_3_cols1_rows100.csv 0","PeriodicalLiterature","0.96"
"file543986_3_cols1_rows100.csv 0","WrittenWork","0.94"
"file543986_3_cols1_rows100.csv 0","Agent","0.05"
"file543986_3_cols1_rows100.csv 0","FictionalCharacter","0.09"
"file543986_3_cols1_rows100.csv 0","MusicalArtist","0.02"
"file543986_3_cols1_rows100.csv 0","EducationalInstitution","0.03"
"file543986_3_cols1_rows100.csv 0","ArchitecturalStructure","0.04"
"file543986_3_cols1_rows100.csv 0","Settlement","0.07"
"file543986_3_cols1_rows100.csv 0","Country","0.17"
"file135940_0_cols1_rows35.csv 1","EducationalInstitution","0.12"
"file135940_0_cols1_rows35.csv 1","Organisation","0.21"
"file135940_0_cols1_rows35.csv 1","Person","0.85"
"file135940_0_cols1_rows35.csv 1","Company","0.31"
"file135940_0_cols1_rows35.csv 1","MusicalWork","0.13"
"file135940_0_cols1_rows35.csv 1","MemberOfParliament","0.53"
"file135940_0_cols1_rows35.csv 1","PersonFunction","0.54"
"file135940_0_cols1_rows35.csv 1","Artist","0.68"
"file135940_0_cols1_rows35.csv 1","Work","0.15"
"file135940_0_cols1_rows35.csv 1","Athlete","0.33"
"file135940_0_cols1_rows35.csv 1","OfficeHolder","0.55"
"file135940_0_cols1_rows35.csv 1","University","0.18"
"file135940_0_cols1_rows35.csv 1","Agent","0.90"
"file135940_0_cols1_rows35.csv 1","Politician","0.54"
"file135940_0_cols1_rows35.csv 1","Film","0.38"
"file135940_0_cols1_rows35.csv 1","MusicalArtist","0.53"
"file101640_0_cols1_rows31.csv 3","College","0.48"
"file101640_0_cols1_rows31.csv 3","Person","0.00"
"file101640_0_cols1_rows31.csv 3","University","1.00"
"file101640_0_cols1_rows31.csv 3","Cleric","0.01"
"file101640_0_cols1_rows31.csv 3","Place","0.01"
"file101640_0_cols1_rows31.csv 3","City","0.01"
"file101640_0_cols1_rows31.csv 3","Royalty","0.00"
"file101640_0_cols1_rows31.csv 3","Building","0.26"
"file101640_0_cols1_rows31.csv 3","Location","0.03"
"file101640_0_cols1_rows31.csv 3","PopulatedPlace","0.00"
"file101640_0_cols1_rows31.csv 3","Organisation","1.00"
"file101640_0_cols1_rows31.csv 3","Saint","0.00"
"file101640_0_cols1_rows31.csv 3","Agent","0.98"
"file101640_0_cols1_rows31.csv 3","EducationalInstitution","1.00"
"file101640_0_cols1_rows31.csv 3","ArchitecturalStructure","0.09"
"file101640_0_cols1_rows31.csv 3","SportsTeam","0.01"
"file101640_0_cols1_rows31.csv 3","SoccerClub","0.00"
"file101640_0_cols1_rows31.csv 3","Settlement","0.00"
"file171157_0_cols1_rows21.csv 0","Band","0.36"
"file171157_0_cols1_rows21.csv 0","PopulatedPlace","0.05"
"file171157_0_cols1_rows21.csv 0","Organisation","0.13"
"file171157_0_cols1_rows21.csv 0","Place","0.06"
"file171157_0_cols1_rows21.csv 0","Person","0.05"
"file171157_0_cols1_rows21.csv 0","Film","0.83"
"file171157_0_cols1_rows21.csv 0","Royalty","0.08"
"file171157_0_cols1_rows21.csv 0","MusicalArtist","0.05"
"file171157_0_cols1_rows21.csv 0","Artist","0.05"
"file171157_0_cols1_rows21.csv 0","Work","0.96"
"file171157_0_cols1_rows21.csv 0","Location","0.05"
"file171157_0_cols1_rows21.csv 0","VideoGame","0.33"
"file171157_0_cols1_rows21.csv 0","Software","0.38"
"file171157_0_cols1_rows21.csv 0","Agent","0.07"
"file171157_0_cols1_rows21.csv 0","FictionalCharacter","0.14"
"file171157_0_cols1_rows21.csv 0","Country","0.06"
"file171157_0_cols1_rows21.csv 0","Group","0.49"
"file172679_0_cols1_rows14.csv 0","Band","0.39"
"file172679_0_cols1_rows14.csv 0","PopulatedPlace","0.04"
"file172679_0_cols1_rows14.csv 0","Organisation","0.13"
"file172679_0_cols1_rows14.csv 0","Place","0.06"
"file172679_0_cols1_rows14.csv 0","Person","0.04"
"file172679_0_cols1_rows14.csv 0","Film","0.84"
"file172679_0_cols1_rows14.csv 0","Book","0.82"
"file172679_0_cols1_rows14.csv 0","Royalty","0.06"
"file172679_0_cols1_rows14.csv 0","MusicalArtist","0.11"
"file172679_0_cols1_rows14.csv 0","Artist","0.04"
"file172679_0_cols1_rows14.csv 0","WrittenWork","0.80"
"file172679_0_cols1_rows14.csv 0","Work","1.00"
"file172679_0_cols1_rows14.csv 0","Location","0.11"
"file172679_0_cols1_rows14.csv 0","VideoGame","0.40"
"file172679_0_cols1_rows14.csv 0","Software","0.53"
"file172679_0_cols1_rows14.csv 0","Agent","0.07"
"file172679_0_cols1_rows14.csv 0","FictionalCharacter","0.14"
"file172679_0_cols1_rows14.csv 0","Country","0.09"
"file172679_0_cols1_rows14.csv 0","Group","0.51"
"file139009_8_cols1_rows21.csv 1","Place","0.00"
"file139009_8_cols1_rows21.csv 1","Organisation","0.02"
"file139009_8_cols1_rows21.csv 1","Person","0.05"
"file139009_8_cols1_rows21.csv 1","Film","0.21"
"file139009_8_cols1_rows21.csv 1","Album","0.26"
"file139009_8_cols1_rows21.csv 1","FictionalCharacter","0.23"
"file139009_8_cols1_rows21.csv 1","EthnicGroup","0.00"
"file139009_8_cols1_rows21.csv 1","Work","0.92"
"file139009_8_cols1_rows21.csv 1","Agent","0.03"
"file139009_8_cols1_rows21.csv 1","TelevisionEpisode","0.75"
"file139009_8_cols1_rows21.csv 1","MusicalWork","0.23"
"file181303_0_cols1_rows31.csv 0","NaturalPlace","0.05"
"file181303_0_cols1_rows31.csv 0","EducationalInstitution","0.02"
"file181303_0_cols1_rows31.csv 0","Place","0.07"
"file181303_0_cols1_rows31.csv 0","Organisation","0.04"
"file181303_0_cols1_rows31.csv 0","Person","0.99"
"file181303_0_cols1_rows31.csv 0","MilitaryPerson","0.80"
"file181303_0_cols1_rows31.csv 0","Book","0.08"
"file181303_0_cols1_rows31.csv 0","Economist","0.85"
"file181303_0_cols1_rows31.csv 0","Work","0.01"
"file181303_0_cols1_rows31.csv 0","Artist","0.79"
"file181303_0_cols1_rows31.csv 0","Scientist","0.90"
"file181303_0_cols1_rows31.csv 0","University","0.05"
"file181303_0_cols1_rows31.csv 0","WrittenWork","0.03"
"file181303_0_cols1_rows31.csv 0","OfficeHolder","0.86"
"file181303_0_cols1_rows31.csv 0","Agent","0.97"
"file181303_0_cols1_rows31.csv 0","Politician","0.80"
"file181303_0_cols1_rows31.csv 0","MusicalArtist","0.74"
"file39810_0_cols1_rows6.csv 0","Organisation","0.03"
"file39810_0_cols1_rows6.csv 0","Company","0.16"
"file39810_0_cols1_rows6.csv 0","Automobile","0.99"
"file39810_0_cols1_rows6.csv 0","Work","0.14"
"file39810_0_cols1_rows6.csv 0","Software","0.32"
"file39810_0_cols1_rows6.csv 0","Agent","0.27"
"file39810_0_cols1_rows6.csv 0","MeanOfTransportation","0.92"
"file39810_0_cols1_rows6.csv 0","Broadcaster","0.01"
"file39810_0_cols1_rows6.csv 0","TelevisionShow","0.16"
"file134372_0_cols1_rows11.csv 0","EducationalInstitution","0.02"
"file134372_0_cols1_rows11.csv 0","ArchitecturalStructure","0.16"
"file134372_0_cols1_rows11.csv 0","Place","0.07"
"file134372_0_cols1_rows11.csv 0","Person","1.00"
"file134372_0_cols1_rows11.csv 0","PrimeMinister","0.60"
"file134372_0_cols1_rows11.csv 0","Organisation","0.03"
"file134372_0_cols1_rows11.csv 0","Agent","0.98"
"file134372_0_cols1_rows11.csv 0","University","0.06"
"file134372_0_cols1_rows11.csv 0","Location","0.11"
"file134372_0_cols1_rows11.csv 0","OfficeHolder","0.83"
"file134372_0_cols1_rows11.csv 0","Infrastructure","0.02"
"file134372_0_cols1_rows11.csv 0","Politician","0.81"
"file134372_0_cols1_rows11.csv 0","Airport","0.02"
"file141150_0_cols1_rows11.csv 0","Person","1.00"
"file141150_0_cols1_rows11.csv 0","PersonFunction","0.80"
"file141150_0_cols1_rows11.csv 0","Work","0.00"
"file141150_0_cols1_rows11.csv 0","Agent","0.95"
"file141150_0_cols1_rows11.csv 0","Film","0.02"
"file123408_10_cols1_rows124.csv 0","Automobile","0.07"
"file123408_10_cols1_rows124.csv 0","Person","0.07"
"file123408_10_cols1_rows124.csv 0","Book","0.20"
"file123408_10_cols1_rows124.csv 0","Artist","0.04"
"file123408_10_cols1_rows124.csv 0","ComicsCharacter","0.07"
"file123408_10_cols1_rows124.csv 0","MeanOfTransportation","0.06"
"file123408_10_cols1_rows124.csv 0","Place","0.10"
"file123408_10_cols1_rows124.csv 0","City","0.04"
"file123408_10_cols1_rows124.csv 0","Company","0.24"
"file123408_10_cols1_rows124.csv 0","Royalty","0.02"
"file123408_10_cols1_rows124.csv 0","Building","0.15"
"file123408_10_cols1_rows124.csv 0","Work","0.88"
"file123408_10_cols1_rows124.csv 0","Newspaper","0.96"
"file123408_10_cols1_rows124.csv 0","Location","0.19"
"file123408_10_cols1_rows124.csv 0","PopulatedPlace","0.03"
"file123408_10_cols1_rows124.csv 0","Organisation","0.21"
"file123408_10_cols1_rows124.csv 0","PeriodicalLiterature","0.93"
"file123408_10_cols1_rows124.csv 0","PoliticalParty","0.05"
"file123408_10_cols1_rows124.csv 0","WrittenWork","0.90"
"file123408_10_cols1_rows124.csv 0","Agent","0.09"
"file123408_10_cols1_rows124.csv 0","FictionalCharacter","0.11"
"file123408_10_cols1_rows124.csv 0","MusicalArtist","0.03"
"file123408_10_cols1_rows124.csv 0","ArchitecturalStructure","0.06"
"file123408_10_cols1_rows124.csv 0","Settlement","0.06"
"file123408_10_cols1_rows124.csv 0","Country","0.14"
"file173767_1_cols1_rows33.csv 0","TelevisionSeason","0.02"
"file173767_1_cols1_rows33.csv 0","Person","0.32"
"file173767_1_cols1_rows33.csv 0","Song","0.32"
"file173767_1_cols1_rows33.csv 0","Book","0.58"
"file173767_1_cols1_rows33.csv 0","Artist","0.11"
"file173767_1_cols1_rows33.csv 0","Device","0.07"
"file173767_1_cols1_rows33.csv 0","Place","0.06"
"file173767_1_cols1_rows33.csv 0","Work","0.80"
"file173767_1_cols1_rows33.csv 0","Location","0.06"
"file173767_1_cols1_rows33.csv 0","PopulatedPlace","0.07"
"file173767_1_cols1_rows33.csv 0","Weapon","0.06"
"file173767_1_cols1_rows33.csv 0","AmusementParkAttraction","0.24"
"file173767_1_cols1_rows33.csv 0","WrittenWork","0.52"
"file173767_1_cols1_rows33.csv 0","Agent","0.30"
"file173767_1_cols1_rows33.csv 0","Writer","0.09"
"file173767_1_cols1_rows33.csv 0","FictionalCharacter","0.28"
"file173767_1_cols1_rows33.csv 0","MusicalArtist","0.13"
"file173767_1_cols1_rows33.csv 0","ArchitecturalStructure","0.05"
"file173767_1_cols1_rows33.csv 0","MusicalWork","0.20"
"file173767_1_cols1_rows33.csv 0","Settlement","0.02"
"file173767_1_cols1_rows33.csv 0","Film","0.48"
"file118301_28_cols1_rows28.csv 0","PopulatedPlace","0.11"
"file118301_28_cols1_rows28.csv 0","Broadcaster","0.27"
"file118301_28_cols1_rows28.csv 0","Organisation","0.17"
"file118301_28_cols1_rows28.csv 0","Place","0.08"
"file118301_28_cols1_rows28.csv 0","Person","0.22"
"file118301_28_cols1_rows28.csv 0","Company","0.31"
"file118301_28_cols1_rows28.csv 0","PeriodicalLiterature","0.90"
"file118301_28_cols1_rows28.csv 0","PoliticalParty","0.08"
"file118301_28_cols1_rows28.csv 0","Work","0.80"
"file118301_28_cols1_rows28.csv 0","WrittenWork","0.79"
"file118301_28_cols1_rows28.csv 0","Newspaper","0.92"
"file118301_28_cols1_rows28.csv 0","Software","0.25"
"file118301_28_cols1_rows28.csv 0","Location","0.15"
"file118301_28_cols1_rows28.csv 0","Agent","0.26"
"file118301_28_cols1_rows28.csv 0","Settlement","0.13"
"file118301_28_cols1_rows28.csv 0","Magazine","0.65"
"file118301_28_cols1_rows28.csv 0","BroadcastNetwork","0.27"
"file227142_0_cols1_rows11.csv 1","PopulatedPlace","0.00"
"file227142_0_cols1_rows11.csv 1","SocietalEvent","0.12"
"file227142_0_cols1_rows11.csv 1","MilitaryConflict","0.29"
"file227142_0_cols1_rows11.csv 1","Place","0.24"
"file227142_0_cols1_rows11.csv 1","Event","0.34"
"file227142_0_cols1_rows11.csv 1","Work","0.88"
"file227142_0_cols1_rows11.csv 1","Location","0.13"
"file227142_0_cols1_rows11.csv 1","Software","0.94"
